PassengerId,Pclass,Name,Sex,Age,SibSp,Parch,Ticket,Fare,Cabin,Embarked,Survived
614,1,Passenger_614,female,32.7,1.0,1,28198,78.39,nan54,S,0
754,2,Passenger_754,female,37.0,2.0,2,61253,74.18,E63,C,0
163,3,Passenger_163,male,29.0,2.0,2,70649,72.39,A15,C,0
437,1,Passenger_437,female,38.7,3.0,0,70760,44.28,,,0
204,3,Passenger_204,male,16.4,0.0,1,94644,99.19,nan66,S,1
737,2,Passenger_737,male,26.4,1.0,4,68506,-2.35,D8,S,0
237,2,Passenger_237,male,11.1,0.0,1,35641,26.28,C52,S,0
98,2,Passenger_98,female,35.9,4.0,1,54879,147.66,A17,,1
272,3,Passenger_272,male,41.4,0.0,2,42895,34.72,D86,C,1
444,2,Passenger_444,female,18.8,4.0,0,56610,,A132,S,0
158,3,Passenger_158,male,25.7,4.0,4,90839,80.37,C115,,1
387,2,Passenger_387,female,16.0,2.0,3,87388,61.9,B25,,1
300,1,Passenger_300,female,39.4,1.0,1,70669,82.3,B145,S,1
496,2,Passenger_496,female,25.9,0.0,2,60701,110.22,,,0
82,3,Passenger_82,female,27.1,2.0,3,83796,-19.3,,C,1
620,3,Passenger_620,male,20.3,1.0,1,80132,83.61,D6,S,1
996,1,Passenger_996,male,21.4,3.0,1,14224,63.4,C100,S,1
218,3,Passenger_218,male,44.6,4.0,1,42235,21.12,,S,1
594,2,Passenger_594,female,4.4,4.0,1,56447,135.94,D120,S,1
129,1,Passenger_129,male,14.6,1.0,4,22493,24.83,,S,0
774,2,Passenger_774,female,28.5,2.0,4,51840,86.14,A31,C,0
469,2,Passenger_469,male,30.9,2.0,2,95021,23.82,E141,C,0
669,1,Passenger_669,male,,0.0,1,52725,92.19,C122,S,1
139,2,Passenger_139,female,33.7,3.0,1,88238,21.24,D21,S,0
588,1,Passenger_588,female,37.0,0.0,2,49008,36.94,E68,,1
414,3,Passenger_414,male,11.0,2.0,3,66664,48.18,B115,S,1
178,2,Passenger_178,female,25.8,3.0,3,65977,-21.18,E32,C,1
717,3,Passenger_717,female,22.1,1.0,3,19237,95.85,A86,S,1
346,3,Passenger_346,female,nan,0.0,1,86930,58.81,A43,,1
64,2,Passenger_64,female,35.8,1.0,4,39932,61.28,B80,Q,0
757,3,Passenger_757,male,19.0,3.0,4,60427,18.25,D82,S,0
543,2,Passenger_543,male,38.9,4.0,3,25813,44.92,nan113,S,0
974,2,Passenger_974,male,38.3,1.0,2,85507,35.02,E127,S,0
422,3,Passenger_422,male,46.1,2.0,1,81483,146.57,E81,S,0
777,2,Passenger_777,male,33.6,2.0,3,43190,,,S,0
376,2,Passenger_376,female,7.7,1.0,2,41791,27.38,D147,S,1
328,3,Passenger_328,male,5.3,2.0,4,10418,,C67,S,1
484,3,Passenger_484,female,36.3,4.0,1,15774,98.6,A80,C,1
913,3,Passenger_913,female,31.2,3.0,3,99122,53.87,,,0
912,2,Passenger_912,male,,0.0,3,55477,-49.69,D91,C,0
546,2,Passenger_546,male,26.6,2.0,4,30360,127.3,E25,C,1
882,3,Passenger_882,male,24.3,1.0,1,23220,114.16,B112,S,0
296,3,Passenger_296,female,5.3,2.0,2,81643,8.33,E98,C,1
69,1,Passenger_69,female,43.5,2.0,1,33965,-38.4,B145,Q,1
918,3,Passenger_918,male,46.9,4.0,3,86515,-22.33,E117,S,0
521,3,Passenger_521,male,35.7,0.0,3,33488,35.32,nan146,S,1
856,1,Passenger_856,male,27.3,1.0,0,66593,21.26,C115,,0
585,3,Passenger_585,male,17.0,0.0,0,85435,,nan6,S,1
408,1,Passenger_408,male,37.2,2.0,1,17100,,E70,S,1
273,3,Passenger_273,male,42.0,0.0,2,29028,70.41,E114,C,1
564,1,Passenger_564,male,38.6,3.0,0,11104,,B37,S,1
995,2,Passenger_995,female,12.4,4.0,4,33564,,,C,1
982,3,Passenger_982,female,30.7,3.0,1,84654,,,S,0
221,3,Passenger_221,female,39.5,2.0,3,12463,72.13,nan55,C,1
77,3,Passenger_77,female,53.5,1.0,3,25819,104.72,E122,S,0
992,3,Passenger_992,female,53.3,0.0,1,69334,-30.95,C43,S,1
648,3,Passenger_648,male,37.1,1.0,4,64685,15.63,D88,C,1
792,3,Passenger_792,male,47.7,0.0,2,23496,110.4,A101,Q,1
535,3,Passenger_535,female,31.8,2.0,1,45145,40.03,C118,S,0
743,3,Passenger_743,male,46.4,1.0,2,26808,85.73,D25,S,1
99,1,Passenger_99,female,20.1,1.0,1,78267,34.07,B17,S,0
551,3,Passenger_551,female,45.5,1.0,4,17575,50.18,B101,Q,0
362,3,Passenger_362,female,38.1,4.0,0,98584,102.02,B8,S,1
989,2,Passenger_989,male,28.6,3.0,2,79734,41.5,D101,C,1
952,3,Passenger_952,male,27.7,0.0,3,37458,47.13,E32,C,0
544,3,Passenger_544,female,45.5,3.0,1,58238,16.96,B18,S,0
645,1,Passenger_645,male,4.8,2.0,0,80780,53.18,nan20,S,0
811,3,Passenger_811,male,38.3,3.0,1,15974,,A74,S,1
934,3,Passenger_934,male,14.1,0.0,1,72409,44.02,A16,S,1
32,1,Passenger_32,male,11.3,4.0,4,81508,9.51,B59,C,0
357,1,Passenger_357,female,51.2,4.0,3,93483,,E11,S,0
924,3,Passenger_924,male,-2.1,2.0,2,80002,92.16,E85,C,0
783,2,Passenger_783,male,33.8,0.0,4,54853,56.01,nan150,S,0
919,3,Passenger_919,female,28.0,1.0,4,11670,66.14,D70,S,1
468,3,Passenger_468,male,47.9,4.0,0,76467,114.85,E5,C,0
319,1,Passenger_319,male,17.6,3.0,1,62052,28.98,nan10,,0
28,3,Passenger_28,female,26.9,1.0,1,26837,54.78,nan42,,0
707,2,Passenger_707,male,44.5,0.0,3,97813,19.37,B18,S,1
353,3,Passenger_353,male,20.0,0.0,3,17654,,E146,S,1
261,3,Passenger_261,male,37.5,0.0,0,66344,-58.89,D56,S,1
901,2,Passenger_901,female,41.9,1.0,2,84095,25.88,A44,S,0
224,2,Passenger_224,male,,3.0,2,59036,,C64,S,0
327,3,Passenger_327,female,10.1,1.0,1,28781,86.8,,,0
435,1,Passenger_435,female,,4.0,4,43846,79.76,B52,,0
599,1,Passenger_599,male,52.6,0.0,2,73524,,C46,S,1
135,3,Passenger_135,male,31.1,3.0,0,79259,21.0,C54,,1
320,2,Passenger_320,male,23.9,2.0,1,39993,91.2,nan83,S,0
685,3,Passenger_685,female,32.2,2.0,1,86282,54.78,C42,S,0
810,1,Passenger_810,female,45.9,3.0,2,34509,40.49,B56,S,0
63,3,Passenger_63,male,38.9,1.0,2,59054,63.59,E145,Q,1
196,2,Passenger_196,female,-6.3,3.0,2,83837,26.52,E118,S,0
523,3,Passenger_523,female,17.3,2.0,1,72995,149.4,C32,S,1
674,3,Passenger_674,male,,4.0,2,84445,106.73,D84,,0
833,1,Passenger_833,male,46.6,3.0,4,53310,,nan97,S,0
212,3,Passenger_212,male,200.0,4.0,3,74812,63.63,B100,S,0
165,1,Passenger_165,female,30.9,4.0,0,86961,90.18,D78,C,0
814,3,Passenger_814,female,32.7,0.0,3,66379,71.85,C103,S,1
429,2,Passenger_429,male,18.4,1.0,0,65788,65.25,A108,S,1
361,2,Passenger_361,female,47.1,0.0,2,89844,81.62,C137,S,1
634,3,Passenger_634,female,39.4,0.0,1,37505,,B42,,0
367,3,Passenger_367,female,56.4,4.0,2,16993,29.86,A39,S,0
192,3,Passenger_192,male,4.8,0.0,0,17307,20.85,nan131,S,1
499,3,Passenger_499,male,15.9,1.0,3,52220,84.14,A124,C,1
26,3,Passenger_26,female,,1.0,0,37181,82.84,D100,S,1
954,3,Passenger_954,female,16.0,2.0,0,56963,31.74,E119,S,0
16,1,Passenger_16,female,26.1,1.0,0,98374,50.38,A85,C,0
727,1,Passenger_727,female,,2.0,2,93975,68.39,nan70,,0
787,3,Passenger_787,female,35.3,3.0,3,21752,34.15,nan132,Q,1
458,3,Passenger_458,male,19.5,1.0,0,54107,93.75,D138,C,0
90,3,Passenger_90,male,8.2,4.0,3,65965,25.04,D68,C,0
504,3,Passenger_504,female,21.5,4.0,2,70080,,A11,S,0
181,2,Passenger_181,female,32.2,4.0,2,48480,29.95,nan49,S,0
478,3,Passenger_478,female,35.9,0.0,4,15149,83.92,E93,Q,1
442,3,Passenger_442,female,49.2,0.0,1,64564,-66.0,nan100,S,0
800,3,Passenger_800,male,33.1,1.0,3,14397,1200.0,A50,S,1
372,1,Passenger_372,female,nan,1.0,0,37531,44.63,C120,S,1
855,2,Passenger_855,female,41.6,2.0,2,29830,115.99,,Q,1
832,3,Passenger_832,female,40.6,3.0,4,82672,51.83,C120,S,0
229,3,Passenger_229,male,30.4,4.0,0,11036,-3.79,,S,1
927,2,Passenger_927,female,22.9,2.0,3,21941,85.55,C147,S,1
643,2,Passenger_643,male,20.1,1.0,0,89500,47.65,B81,C,0
904,3,Passenger_904,female,,3.0,3,47485,,E102,C,1
426,3,Passenger_426,male,39.7,3.0,1,73714,73.83,,S,1
60,2,Passenger_60,male,60.0,0.0,4,74322,113.97,D136,S,1
167,2,Passenger_167,female,16.8,3.0,2,64169,80.4,,S,0
512,2,Passenger_512,male,24.9,0.0,4,88701,-25.07,B142,S,1
693,3,Passenger_693,female,13.3,0.0,3,65474,38.73,C41,C,1
984,1,Passenger_984,male,33.4,4.0,0,27957,71.17,C14,C,1
633,3,Passenger_633,male,27.8,4.0,0,77976,,D85,S,0
735,2,Passenger_735,female,28.8,3.0,4,44675,46.09,D69,S,0
40,2,Passenger_40,male,49.1,2.0,1,84493,70.3,B127,S,0
861,3,Passenger_861,male,30.8,2.0,2,40693,4.51,A53,C,1
890,2,Passenger_890,male,32.2,1.0,1,88472,88.21,C104,C,1
812,3,Passenger_812,male,-11.2,0.0,2,72540,13.91,nan121,C,0
459,1,Passenger_459,male,24.0,2.0,3,73405,,nan141,S,0
235,1,Passenger_235,male,24.9,2.0,1,49730,65.15,E63,C,0
260,1,Passenger_260,male,37.1,0.0,4,54500,-0.13,A102,S,1
294,2,Passenger_294,female,66.4,1.0,3,47690,79.62,D79,C,1
189,3,Passenger_189,female,10.9,1.0,4,45655,-10.33,B82,S,1
205,3,Passenger_205,male,46.8,4.0,0,42550,138.83,A116,C,1
768,3,Passenger_768,male,,1.0,2,60572,55.86,D38,C,1
988,2,Passenger_988,male,18.4,4.0,3,48426,-13.15,D93,S,1
879,1,Passenger_879,male,29.6,3.0,1,37930,87.28,B137,C,1
528,2,Passenger_528,male,32.8,2.0,4,31319,-9.85,A15,Q,0
371,1,Passenger_371,female,32.0,0.0,4,56071,,nan125,C,0
615,3,Passenger_615,female,19.6,0.0,1,33485,58.83,C148,C,1
215,3,Passenger_215,female,50.6,4.0,1,77860,,E100,S,0
245,1,Passenger_245,female,43.9,1.0,1,75509,41.16,B123,S,1
280,3,Passenger_280,male,40.3,3.0,4,53012,116.05,C27,S,0
796,3,Passenger_796,female,49.2,0.0,2,29622,28.13,C88,,0
396,3,Passenger_396,female,35.1,1.0,2,92633,116.96,A142,S,0
467,2,Passenger_467,female,23.7,3.0,0,40326,61.88,E68,S,0
470,3,Passenger_470,female,41.9,0.0,3,20151,12.77,C31,S,0
536,3,Passenger_536,male,57.1,4.0,4,45098,150.07,B101,C,1
382,3,Passenger_382,male,54.8,1.0,2,63518,84.47,D65,S,1
213,3,Passenger_213,female,10.8,0.0,4,99165,98.12,D127,S,0
716,3,Passenger_716,male,49.5,2.0,0,51901,54.49,D78,C,1
510,3,Passenger_510,female,37.7,1.0,2,35392,70.82,nan31,S,0
803,3,Passenger_803,female,37.3,3.0,2,37051,52.88,,S,0
125,2,Passenger_125,female,19.0,2.0,0,90759,55.77,E59,S,1
329,2,Passenger_329,male,8.6,0.0,0,13109,49.36,E104,S,0
200,3,Passenger_200,male,32.6,3.0,2,31925,66.93,E143,S,0
287,3,Passenger_287,male,22.6,4.0,4,29564,-6.36,B81,S,1
474,3,Passenger_474,female,44.4,3.0,2,14314,-53.54,E141,S,1
613,3,Passenger_613,female,21.3,3.0,4,61819,54.97,D35,C,1
753,3,Passenger_753,male,38.9,4.0,3,57427,-15.87,,S,1
340,1,Passenger_340,male,38.3,3.0,3,90840,62.79,C45,,0
109,2,Passenger_109,male,19.7,4.0,0,72096,52.57,B141,S,1
384,3,Passenger_384,female,23.6,3.0,3,97731,5.68,,S,0
172,1,Passenger_172,female,nan,3.0,1,82123,17.14,C13,S,1
356,3,Passenger_356,male,28.3,2.0,4,23039,15.28,C141,S,1
649,3,Passenger_649,male,,4.0,0,24029,41.76,E40,S,0
929,3,Passenger_929,female,23.7,1.0,1,23557,67.02,B102,S,0
503,2,Passenger_503,male,0.3,2.0,1,54363,36.84,B95,S,1
318,1,Passenger_318,male,35.9,2.0,0,59315,29.31,A47,C,1
763,2,Passenger_763,male,15.0,1.0,4,64609,26.77,D54,S,0
568,2,Passenger_568,female,41.3,4.0,4,53731,44.93,B55,C,1
718,3,Passenger_718,male,27.1,4.0,1,16033,46.08,C120,S,0
494,1,Passenger_494,female,25.1,2.0,0,53485,28.02,nan6,S,1
78,1,Passenger_78,male,22.2,4.0,0,25024,3.25,C79,S,1
242,3,Passenger_242,male,37.5,0.0,0,97294,106.27,D67,S,1
816,3,Passenger_816,female,24.6,4.0,1,80430,0.15,,S,0
489,3,Passenger_489,female,,2.0,1,96443,,,S,0
578,3,Passenger_578,male,15.1,1.0,1,82575,-13.23,nan94,S,0
424,3,Passenger_424,male,30.9,1.0,2,53708,,nan15,S,1
785,1,Passenger_785,female,38.7,1.0,3,38094,101.47,C64,,1
177,3,Passenger_177,female,21.4,1.0,2,90762,22.51,C11,,1
140,3,Passenger_140,female,,0.0,0,83700,-12.52,E30,S,1
68,3,Passenger_68,male,27.9,4.0,2,84239,7.2,E136,S,1
236,3,Passenger_236,female,,2.0,1,11808,65.11,D58,S,1
553,3,Passenger_553,male,-0.4,0.0,4,55621,97.33,E150,C,0
45,2,Passenger_45,female,,4.0,4,13873,74.83,E70,S,0
520,1,Passenger_520,male,24.0,4.0,4,92261,57.73,C11,S,1
390,3,Passenger_390,female,47.2,2.0,2,80355,97.27,A17,S,0
88,3,Passenger_88,male,19.2,3.0,0,63105,63.55,D22,C,0
91,1,Passenger_91,female,34.6,1.0,4,76915,-14.86,,C,0
948,3,Passenger_948,female,38.9,4.0,3,69557,102.84,nan117,S,0
25,3,Passenger_25,male,16.1,0.0,0,77320,30.48,E107,C,1
288,3,Passenger_288,male,38.2,0.0,4,45050,33.65,nan130,C,0
672,3,Passenger_672,female,33.3,2.0,3,43597,6.23,C43,S,1
500,3,Passenger_500,female,,1.0,4,90065,35.22,E149,S,1
271,3,Passenger_271,male,34.3,4.0,3,71180,105.97,A108,S,1
663,3,Passenger_663,female,26.9,0.0,0,33876,43.54,B32,S,1
243,3,Passenger_243,male,46.6,2.0,1,85919,64.46,nan92,S,0
31,3,Passenger_31,male,31.5,4.0,1,18404,36.65,,S,1
755,1,Passenger_755,female,4.8,3.0,0,84693,22.97,,S,0
764,3,Passenger_764,male,33.3,3.0,2,10256,39.68,C114,,1
253,3,Passenger_253,male,36.4,0.0,0,39708,9.1,D91,S,0
285,3,Passenger_285,female,35.6,0.0,4,38444,40.87,nan104,S,1
688,2,Passenger_688,female,17.9,0.0,1,15054,90.0,C9,C,1
538,2,Passenger_538,female,20.5,1.0,2,53296,64.25,nan5,S,1
526,3,Passenger_526,female,46.6,4.0,3,11464,63.87,C107,C,0
317,2,Passenger_317,female,28.3,2.0,0,38356,-6.85,D6,S,0
398,2,Passenger_398,male,18.8,1.0,4,50516,106.2,D148,S,0
949,3,Passenger_949,female,25.4,2.0,2,25501,64.09,E66,S,0
451,3,Passenger_451,male,25.9,1.0,0,47033,97.75,C77,C,0
190,2,Passenger_190,male,26.9,2.0,3,68271,3.72,A41,S,0
741,3,Passenger_741,female,39.8,0.0,4,33826,-18.32,,S,0
187,3,Passenger_187,male,-5.8,2.0,3,95140,103.66,E118,S,1
714,2,Passenger_714,female,40.9,3.0,3,97630,100.5,A101,C,1
705,1,Passenger_705,female,48.3,3.0,2,94862,-44.29,nan130,S,1
93,3,Passenger_93,female,2.1,4.0,3,57990,74.59,A71,S,0
432,3,Passenger_432,female,-10.9,4.0,0,70569,110.38,D79,C,0
121,3,Passenger_121,female,31.9,2.0,4,57703,100.12,nan137,S,1
123,2,Passenger_123,male,39.9,3.0,2,99610,112.35,,S,1
534,3,Passenger_534,female,,3.0,4,67258,,C36,C,0
961,1,Passenger_961,male,63.8,3.0,1,17417,-5.58,C16,Q,0
313,1,Passenger_313,male,,0.0,3,26923,59.93,E115,S,0
915,3,Passenger_915,male,21.4,3.0,2,98585,45.0,C35,S,1
2,3,Passenger_2,female,62.1,2.0,2,33137,,B30,C,0
827,2,Passenger_827,female,40.2,1.0,1,51208,,,Q,1
597,3,Passenger_597,male,28.1,4.0,0,82583,11.46,E40,C,0
81,3,Passenger_81,male,24.7,0.0,1,10101,95.71,nan8,S,1
769,2,Passenger_769,male,150.0,3.0,4,39444,37.18,B77,,0
154,3,Passenger_154,male,37.8,1.0,0,37895,35.37,C18,Q,1
279,3,Passenger_279,male,36.9,4.0,2,94117,53.37,D8,C,1
851,1,Passenger_851,female,7.5,2.0,0,87517,34.71,E99,S,1
671,1,Passenger_671,male,39.9,4.0,2,28994,22.95,nan102,S,1
156,2,Passenger_156,female,11.6,0.0,1,88488,,C76,S,0
798,3,Passenger_798,female,73.9,3.0,2,85034,21.15,E2,S,1
595,3,Passenger_595,male,37.2,2.0,1,51336,114.84,E140,S,0
297,3,Passenger_297,male,40.5,2.0,3,61225,0.66,,S,1
552,3,Passenger_552,male,28.3,0.0,2,59736,82.8,B111,C,1
505,3,Passenger_505,female,48.2,2.0,2,52193,1.67,E33,S,1
722,1,Passenger_722,male,,2.0,3,22306,21.16,C27,S,1
960,3,Passenger_960,male,27.3,4.0,3,45898,47.75,C1,C,0
946,1,Passenger_946,female,53.0,3.0,1,68646,70.45,nan32,,1
331,2,Passenger_331,female,22.3,2.0,4,54267,21.11,C131,C,1
622,2,Passenger_622,male,28.8,3.0,1,65129,82.36,D140,S,1
29,3,Passenger_29,female,37.7,4.0,2,42987,62.77,B56,S,1
943,3,Passenger_943,male,17.8,1.0,0,68298,62.84,A97,S,1
14,2,Passenger_14,female,29.1,0.0,4,65138,-10.0,D111,S,1
150,2,Passenger_150,male,36.6,2.0,1,27413,35.44,nan71,Q,1
324,2,Passenger_324,female,24.4,3.0,4,86492,-3.03,C73,S,0
443,2,Passenger_443,female,21.0,0.0,2,64043,77.93,,S,1
539,3,Passenger_539,female,37.2,1.0,3,10336,-6.49,B99,S,0
122,3,Passenger_122,female,27.9,3.0,0,29186,65.67,,S,0
668,1,Passenger_668,female,49.8,2.0,3,43979,30.27,nan149,S,1
611,1,Passenger_611,female,30.6,1.0,0,14107,59.41,C5,,0
731,1,Passenger_731,male,37.6,2.0,4,93954,46.04,,C,0
30,1,Passenger_30,female,16.4,1.0,4,53118,55.24,nan12,S,1
127,3,Passenger_127,male,4.3,0.0,1,44400,27.11,,C,1
699,1,Passenger_699,female,34.0,1.0,3,99901,60.25,A97,S,0
862,3,Passenger_862,female,33.9,2.0,3,69183,14.29,nan117,C,1
291,1,Passenger_291,female,34.3,1.0,2,33253,55.98,,S,0
598,1,Passenger_598,male,43.3,1.0,4,67529,3.81,E76,S,0
559,3,Passenger_559,female,,3.0,2,58197,51.17,A63,C,1
128,3,Passenger_128,male,37.1,2.0,3,22346,18.4,B29,S,1
573,2,Passenger_573,male,29.7,2.0,3,65526,54.73,E126,C,1
953,1,Passenger_953,female,30.6,2.0,4,64381,93.27,B39,S,0
12,3,Passenger_12,male,33.9,3.0,0,89468,36.45,A15,S,1
370,1,Passenger_370,female,14.3,0.0,4,50076,66.48,,S,1
7,1,Passenger_7,female,49.4,3.0,3,53930,,E41,S,1
198,3,Passenger_198,female,35.5,4.0,3,62108,78.69,A100,,0
214,2,Passenger_214,male,7.4,3.0,0,61464,81.02,B87,C,0
170,3,Passenger_170,female,38.4,2.0,4,17751,66.68,A46,S,0
765,1,Passenger_765,male,59.0,1.0,0,74315,43.61,,S,1
579,3,Passenger_579,female,43.3,3.0,0,40103,47.56,B63,S,0
413,3,Passenger_413,female,34.1,1.0,4,24305,7.55,D61,S,1
126,2,Passenger_126,female,11.4,2.0,3,64933,83.07,nan96,S,0
51,3,Passenger_51,female,12.6,3.0,0,66152,70.11,C115,S,1
642,2,Passenger_642,female,29.2,4.0,1,30337,51.99,A35,S,0
164,3,Passenger_164,female,36.8,2.0,0,67571,57.5,,Q,1
667,2,Passenger_667,female,14.7,0.0,3,66961,98.49,D60,S,1
959,1,Passenger_959,male,-5.9,0.0,4,23605,81.07,D127,Q,1
679,3,Passenger_679,male,29.5,3.0,3,54490,44.19,B70,S,0
547,1,Passenger_547,female,39.4,3.0,3,47688,67.74,D81,S,0
700,3,Passenger_700,female,33.6,2.0,3,23065,69.34,A109,,0
529,1,Passenger_529,female,34.0,2.0,4,41924,53.08,,S,0
436,3,Passenger_436,female,15.9,2.0,2,18615,16.69,,C,1
314,3,Passenger_314,male,,4.0,0,39713,-15.02,D99,C,0
964,2,Passenger_964,female,26.3,3.0,1,95804,51.74,,S,0
491,3,Passenger_491,male,38.1,2.0,4,78246,27.15,D139,S,0
610,3,Passenger_610,female,37.7,4.0,3,44037,-15.32,E3,C,1
617,1,Passenger_617,female,21.4,2.0,3,82161,29.95,C112,C,0
900,1,Passenger_900,female,32.7,2.0,4,92257,45.68,E120,S,0
430,1,Passenger_430,male,,0.0,3,48930,44.56,E31,S,0
807,3,Passenger_807,male,27.2,3.0,1,97376,115.26,B62,C,1
415,3,Passenger_415,female,36.5,2.0,3,74929,68.92,B139,S,0
572,3,Passenger_572,male,25.1,3.0,1,63975,,A73,S,1
15,1,Passenger_15,female,19.4,0.0,1,76936,,nan69,S,0
704,1,Passenger_704,male,5.5,3.0,2,49783,94.2,E120,C,1
956,2,Passenger_956,male,22.8,4.0,4,44543,123.93,A121,S,0
222,3,Passenger_222,male,23.2,2.0,1,35004,35.3,A140,C,0
881,2,Passenger_881,female,20.3,2.0,4,26785,93.36,D100,S,1
62,2,Passenger_62,female,34.3,2.0,3,81162,61.32,E90,S,1
791,1,Passenger_791,female,5.2,0.0,2,89212,46.61,C79,S,1
95,3,Passenger_95,male,47.2,3.0,0,94499,76.28,E11,S,0
627,3,Passenger_627,female,25.7,1.0,3,92825,,D87,S,1
666,1,Passenger_666,male,,0.0,1,79517,6.43,E20,S,0
79,2,Passenger_79,male,,1.0,0,58645,-55.08,B100,S,1
619,3,Passenger_619,male,,2.0,2,95452,63.16,C62,S,1
683,1,Passenger_683,female,,0.0,4,14699,3.67,E95,C,1
311,2,Passenger_311,female,46.8,2.0,3,15659,49.59,E3,C,0
975,1,Passenger_975,male,25.0,1.0,1,21174,,E69,S,1
206,1,Passenger_206,male,27.8,3.0,3,63466,,D85,C,1
847,1,Passenger_847,female,30.0,3.0,4,61141,27.34,C42,C,1
592,3,Passenger_592,female,,0.0,3,48340,89.81,D110,S,1
341,3,Passenger_341,female,40.9,4.0,4,69798,69.4,,C,1
636,2,Passenger_636,female,19.5,0.0,3,44400,45.81,nan80,C,1
865,2,Passenger_865,female,-12.3,4.0,0,56498,54.07,C87,C,0
411,2,Passenger_411,male,41.1,1.0,4,32243,28.55,D38,S,1
416,2,Passenger_416,female,29.5,1.0,4,52657,41.46,E18,S,1
71,3,Passenger_71,male,22.2,1.0,2,76947,56.29,D74,C,0
105,3,Passenger_105,female,32.4,0.0,4,81190,49.93,C110,S,1
626,2,Passenger_626,female,9.6,0.0,2,29069,95.09,D94,,1
771,1,Passenger_771,male,12.8,4.0,3,84298,,C4,S,0
410,1,Passenger_410,female,22.6,2.0,4,41039,-5.34,D35,C,1
299,3,Passenger_299,male,48.1,2.0,3,70126,108.22,B65,S,0
706,3,Passenger_706,female,,3.0,4,78697,29.4,B96,S,0
941,2,Passenger_941,male,35.3,3.0,1,65470,-5.89,C45,Q,1
20,2,Passenger_20,female,14.5,4.0,2,28336,57.08,A54,S,1
845,1,Passenger_845,female,,0.0,3,95342,32.3,,S,1
580,2,Passenger_580,female,53.9,0.0,1,21668,27.92,E17,C,1
563,1,Passenger_563,female,40.3,4.0,3,81422,145.63,E54,C,1
945,2,Passenger_945,female,13.3,3.0,0,60452,80.53,D49,S,0
136,2,Passenger_136,male,28.6,4.0,3,37356,58.0,C110,,1
892,3,Passenger_892,male,,0.0,0,30397,141.13,,S,0
359,3,Passenger_359,female,15.7,1.0,2,14247,107.83,B122,S,1
746,3,Passenger_746,female,36.3,1.0,3,35556,79.38,nan37,C,0
302,3,Passenger_302,male,12.9,1.0,2,64857,31.85,nan71,C,1
460,1,Passenger_460,female,46.1,1.0,1,52425,27.24,nan24,C,0
85,2,Passenger_85,male,20.9,3.0,4,69397,152.8,nan38,S,1
303,3,Passenger_303,male,27.1,4.0,4,79343,27.04,B105,Q,1
73,1,Passenger_73,female,28.8,2.0,0,58566,65.94,,S,1
197,3,Passenger_197,male,22.4,1.0,1,97840,34.91,nan103,S,1
171,3,Passenger_171,male,51.4,4.0,2,90986,65.28,E23,S,0
342,3,Passenger_342,male,22.3,2.0,1,74134,31.29,C91,S,1
19,2,Passenger_19,male,16.2,1.0,1,88559,90.54,C69,C,1
870,3,Passenger_870,male,nan,4.0,3,24820,43.24,B128,S,0
433,3,Passenger_433,female,36.1,2.0,0,53121,40.39,nan84,C,0
822,1,Passenger_822,male,10.7,0.0,2,99314,,,C,1
854,3,Passenger_854,female,16.8,4.0,4,68340,22.81,nan6,S,0
363,3,Passenger_363,male,26.8,3.0,2,70537,,nan53,C,0
383,3,Passenger_383,female,53.3,1.0,3,20758,,B61,C,1
659,3,Passenger_659,male,27.0,1.0,3,31949,90.71,,S,1
994,3,Passenger_994,female,33.2,4.0,4,45997,37.23,E27,S,0
939,1,Passenger_939,male,8.2,3.0,2,36623,13.89,,S,1
772,3,Passenger_772,male,37.0,4.0,3,61940,-15.7,,S,0
842,3,Passenger_842,male,28.0,2.0,0,72070,77.33,,S,1
853,2,Passenger_853,male,19.2,3.0,0,30231,20.19,B134,S,1
638,2,Passenger_638,female,,2.0,0,49469,35.53,nan93,S,1
646,3,Passenger_646,male,7.8,4.0,1,38575,52.61,A88,S,0
779,3,Passenger_779,male,45.2,3.0,2,19787,150.46,D66,,0
838,2,Passenger_838,male,17.7,1.0,0,49738,25.6,nan79,S,1
24,2,Passenger_24,male,8.0,2.0,4,82637,73.86,,C,0
834,1,Passenger_834,male,39.9,2.0,0,52800,5.58,nan64,S,0
283,2,Passenger_283,female,32.5,2.0,4,49725,,A104,S,1
368,3,Passenger_368,male,51.6,1.0,1,45844,46.22,A72,C,1
11,1,Passenger_11,male,40.6,0.0,1,70787,-45.06,C137,S,0
407,2,Passenger_407,female,30.9,3.0,3,89532,55.71,C86,C,0
509,3,Passenger_509,female,41.8,2.0,4,94478,3.3,C150,C,0
749,3,Passenger_749,female,13.3,2.0,2,73115,50.44,B131,S,1
290,3,Passenger_290,male,30.3,2.0,0,36763,77.18,C99,S,0
401,1,Passenger_401,male,29.7,2.0,1,36047,106.41,A110,,0
35,3,Passenger_35,male,,4.0,3,53698,5.46,E36,Q,1
184,3,Passenger_184,female,46.7,2.0,1,34074,24.47,D2,S,1
41,1,Passenger_41,male,31.8,3.0,3,14946,13.36,E72,C,1
248,3,Passenger_248,male,51.0,0.0,3,17325,57.49,C105,S,0
869,3,Passenger_869,female,32.9,3.0,4,62076,,D68,S,1
682,2,Passenger_682,male,3.7,4.0,3,38581,46.06,B97,S,1
581,3,Passenger_581,female,28.5,4.0,3,62537,,,S,1
418,2,Passenger_418,female,46.3,0.0,1,68320,17.71,E131,S,0
894,2,Passenger_894,male,25.7,3.0,2,51425,,C93,S,1
820,2,Passenger_820,female,35.7,3.0,2,60230,60.84,C139,S,1
590,1,Passenger_590,male,44.0,4.0,1,41864,90.64,E24,C,0
911,3,Passenger_911,female,43.5,2.0,1,99544,118.74,E114,S,1
570,2,Passenger_570,male,55.7,3.0,2,62753,25.6,D27,Q,0
152,2,Passenger_152,male,nan,0.0,2,33031,68.04,E11,S,1
373,1,Passenger_373,female,34.5,4.0,2,99895,66.14,E45,Q,1
694,2,Passenger_694,female,42.9,4.0,4,78186,53.94,B42,C,0
322,3,Passenger_322,female,24.8,1.0,0,61000,18.41,C150,S,0
110,1,Passenger_110,female,47.3,4.0,4,62975,35.6,D66,S,1
637,3,Passenger_637,male,25.5,2.0,3,18273,38.4,C93,S,1
392,2,Passenger_392,female,,1.0,0,30449,36.51,B42,S,1
486,3,Passenger_486,male,36.0,0.0,2,48420,21.17,C107,C,0
515,1,Passenger_515,male,52.6,0.0,4,99897,73.55,D81,S,1
101,1,Passenger_101,male,,1.0,4,81500,122.38,nan108,Q,1
981,2,Passenger_981,male,32.3,4.0,3,13271,17.89,D124,S,0
492,3,Passenger_492,male,34.6,4.0,2,72123,57.86,A145,C,1
337,3,Passenger_337,male,58.9,3.0,0,34808,34.61,C1,S,0
955,2,Passenger_955,female,40.4,3.0,2,37293,35.08,E148,S,1
393,2,Passenger_393,female,17.7,1.0,4,33794,18.75,A103,C,1
533,3,Passenger_533,female,42.2,1.0,2,72357,94.65,C36,C,0
802,1,Passenger_802,female,34.0,2.0,3,24430,73.66,E31,C,1
307,3,Passenger_307,female,53.4,2.0,0,19749,95.54,C69,,0
234,3,Passenger_234,male,31.9,0.0,3,97467,141.79,C59,C,1
750,3,Passenger_750,female,32.0,4.0,4,97850,72.44,D119,S,0
199,3,Passenger_199,female,9.3,1.0,2,58888,,B75,S,0
902,1,Passenger_902,female,28.1,2.0,4,25033,62.72,,S,1
209,1,Passenger_209,female,23.8,4.0,3,83160,,A62,C,0
933,3,Passenger_933,male,38.7,4.0,0,95320,73.04,B55,S,1
733,3,Passenger_733,female,,0.0,3,85451,11.11,nan29,S,0
286,1,Passenger_286,female,20.9,3.0,2,47918,74.79,nan103,C,0
159,2,Passenger_159,female,21.5,0.0,4,96496,81.67,E74,S,0
84,1,Passenger_84,female,15.8,2.0,4,92606,60.54,C20,C,1
116,3,Passenger_116,female,32.0,2.0,4,43657,-50.43,A85,C,1
813,1,Passenger_813,male,39.2,3.0,2,34352,34.76,C69,S,1
567,2,Passenger_567,female,22.5,3.0,1,54512,19.58,C22,S,1
274,3,Passenger_274,female,21.8,1.0,1,64402,30.61,E128,S,1
823,2,Passenger_823,male,21.2,2.0,4,64398,-12.94,A86,,0
818,2,Passenger_818,male,43.3,2.0,0,34329,26.14,A11,S,0
557,1,Passenger_557,female,34.6,0.0,3,81994,,,S,0
698,3,Passenger_698,female,26.5,0.0,4,85063,-58.53,nan32,C,0
518,3,Passenger_518,female,51.3,3.0,3,75893,56.79,B9,,0
312,1,Passenger_312,female,21.5,4.0,0,21541,61.85,C96,S,0
350,3,Passenger_350,female,50.7,3.0,2,20813,14.36,D95,S,0
726,3,Passenger_726,female,33.9,3.0,4,27921,30.49,B83,C,0
720,3,Passenger_720,female,18.7,2.0,4,90914,25.84,C107,S,1
364,3,Passenger_364,female,16.6,2.0,2,77453,2.18,D86,S,0
4,3,Passenger_4,female,7.0,4.0,4,44112,41.59,,S,1
903,1,Passenger_903,male,35.5,4.0,2,25883,75.98,C9,,0
651,1,Passenger_651,female,23.2,0.0,1,19640,42.81,E64,S,0
819,1,Passenger_819,male,19.2,4.0,2,95256,128.03,E32,C,1
899,1,Passenger_899,female,33.7,1.0,0,97336,6.01,,,1
508,3,Passenger_508,female,22.9,2.0,3,84443,123.52,nan109,,0
43,1,Passenger_43,male,31.7,0.0,0,49584,,nan84,C,1
724,3,Passenger_724,male,21.7,2.0,2,51865,110.33,nan11,C,0
295,1,Passenger_295,female,,0.0,2,47882,51.36,,S,0
690,1,Passenger_690,female,36.0,2.0,3,38183,22.76,E41,S,0
133,1,Passenger_133,female,,3.0,3,26407,-12.24,B131,S,0
321,3,Passenger_321,male,40.1,2.0,4,19625,7.45,A118,S,1
355,1,Passenger_355,female,28.8,0.0,0,70537,69.52,D5,S,0
281,3,Passenger_281,female,39.3,3.0,4,97996,85.86,,,0
53,3,Passenger_53,female,19.9,3.0,1,75444,30.16,B3,S,1
831,2,Passenger_831,female,41.2,2.0,4,15519,61.59,B100,,0
262,3,Passenger_262,female,,0.0,1,35619,87.7,nan107,S,0
210,1,Passenger_210,male,17.6,0.0,2,85199,25.39,C76,C,0
630,2,Passenger_630,male,120.0,2.0,2,31359,114.79,,S,0
39,3,Passenger_39,female,33.1,4.0,2,79661,54.42,A47,C,1
115,3,Passenger_115,male,47.0,1.0,1,99488,73.18,D16,S,1
612,3,Passenger_612,female,,4.0,3,90783,,E20,S,1
507,3,Passenger_507,male,,0.0,3,56108,62.58,D17,S,0
781,3,Passenger_781,male,34.3,3.0,4,31620,59.77,,S,1
447,3,Passenger_447,male,31.7,0.0,0,69365,28.35,B42,Q,1
18,3,Passenger_18,female,28.6,0.0,0,13034,20.62,C65,C,0
188,3,Passenger_188,female,43.1,3.0,1,71385,22.29,A38,C,1
680,3,Passenger_680,male,27.1,0.0,4,71481,37.18,nan31,S,1
388,1,Passenger_388,female,34.2,0.0,4,65522,6.63,nan113,C,1
824,2,Passenger_824,female,42.1,4.0,3,37090,1.16,C108,Q,0
657,2,Passenger_657,male,-0.1,4.0,0,39320,13.55,nan65,S,1
644,2,Passenger_644,male,8.8,1.0,4,41142,29.8,A62,S,1
1,2,Passenger_1,male,-5.0,4.0,1,87950,26.3,nan148,S,0
872,2,Passenger_872,female,16.4,2.0,0,30523,13.35,B40,S,1
517,2,Passenger_517,male,47.0,3.0,1,11184,63.33,A89,C,1
972,3,Passenger_972,female,30.3,1.0,2,82484,86.82,A28,S,1
506,1,Passenger_506,male,29.7,1.0,2,48715,39.94,nan48,C,0
999,3,Passenger_999,female,47.9,3.0,1,27265,54.96,,S,0
571,3,Passenger_571,female,26.9,3.0,4,49825,113.02,nan88,S,0
660,3,Passenger_660,female,16.2,0.0,0,72702,80.81,C80,S,1
270,2,Passenger_270,female,26.1,1.0,4,55568,,D29,S,1
293,3,Passenger_293,male,33.4,3.0,0,95091,45.2,A96,S,1
211,3,Passenger_211,male,27.6,0.0,0,59094,44.84,B150,,1
37,2,Passenger_37,female,29.7,4.0,3,15108,-55.64,C117,S,1
54,3,Passenger_54,female,42.5,2.0,3,92567,73.83,D9,,0
185,2,Passenger_185,male,43.3,3.0,0,59621,54.38,nan28,S,1
883,1,Passenger_883,male,22.7,3.0,2,42011,66.88,C139,,0
316,3,Passenger_316,male,39.1,4.0,0,26729,27.49,nan48,S,0
301,1,Passenger_301,male,28.1,0.0,4,67780,45.74,A141,C,1
56,3,Passenger_56,male,47.5,0.0,0,25094,-18.09,A124,,0
358,3,Passenger_358,male,,2.0,2,92151,14.08,,C,0
684,3,Passenger_684,male,31.3,0.0,4,62124,-17.26,A142,S,1
586,2,Passenger_586,female,33.3,1.0,4,82424,17.36,A98,C,1
365,3,Passenger_365,female,24.8,4.0,3,57282,41.17,C61,C,0
734,3,Passenger_734,female,28.5,0.0,2,14499,89.29,D119,,0
203,1,Passenger_203,male,31.7,0.0,1,15346,4.62,A36,S,0
987,3,Passenger_987,female,7.6,2.0,3,22562,62.43,C58,,0
148,3,Passenger_148,male,29.9,1.0,0,76458,57.96,,C,0
880,2,Passenger_880,female,5.2,2.0,0,29250,93.87,D26,,0
421,3,Passenger_421,male,32.8,3.0,4,86439,,nan110,S,1
227,3,Passenger_227,male,48.2,3.0,1,55584,63.56,C12,S,0
689,3,Passenger_689,male,43.6,4.0,1,62034,117.9,nan85,C,1
921,3,Passenger_921,male,30.0,1.0,1,45836,29.98,B44,C,1
885,3,Passenger_885,female,18.5,2.0,0,30219,,nan43,C,0
752,3,Passenger_752,male,61.2,3.0,2,56909,35.15,A96,Q,1
92,3,Passenger_92,female,41.7,3.0,0,20546,67.35,,C,0
773,1,Passenger_773,female,23.5,2.0,3,66199,,A34,S,0
527,2,Passenger_527,male,23.5,1.0,4,91375,108.32,D121,,0
179,3,Passenger_179,male,24.6,1.0,1,81602,101.61,E83,C,1
501,3,Passenger_501,female,48.4,2.0,3,45709,53.88,E34,S,0
583,3,Passenger_583,female,31.0,3.0,1,55566,0.59,E118,,0
455,1,Passenger_455,male,,1.0,4,59993,81.39,D137,S,0
5,1,Passenger_5,female,44.3,4.0,1,60732,29.31,E114,S,1
806,3,Passenger_806,male,31.3,3.0,2,44086,57.95,B39,,0
937,1,Passenger_937,female,39.4,1.0,4,60972,25.07,C84,S,0
748,3,Passenger_748,male,14.2,0.0,2,78843,57.3,E50,S,0
49,3,Passenger_49,male,10.4,3.0,2,49940,14.1,,S,0
338,3,Passenger_338,female,46.9,0.0,4,99884,,A141,Q,0
70,3,Passenger_70,male,60.9,4.0,2,77898,94.16,nan129,S,1
991,3,Passenger_991,female,27.5,3.0,0,21925,73.87,B88,,1
532,3,Passenger_532,female,23.4,3.0,3,95074,65.18,A118,,1
908,2,Passenger_908,male,28.1,0.0,2,64751,67.82,C99,S,0
745,2,Passenger_745,male,28.5,4.0,0,23997,37.75,C101,S,1
965,2,Passenger_965,female,30.3,0.0,3,30402,47.27,B75,S,1
439,3,Passenger_439,male,,0.0,2,10878,61.9,A8,C,0
709,2,Passenger_709,female,,4.0,2,26547,-37.95,A140,C,0
893,3,Passenger_893,female,20.8,1.0,3,52227,-28.64,C102,S,1
962,3,Passenger_962,male,41.0,3.0,2,75332,91.64,E14,S,0
434,1,Passenger_434,male,42.7,2.0,2,18694,-16.79,nan98,S,0
624,3,Passenger_624,female,40.6,3.0,2,13799,19.3,C31,C,0
256,3,Passenger_256,female,43.0,0.0,1,90425,39.43,nan5,S,1
141,3,Passenger_141,female,20.6,1.0,3,86937,103.48,A125,C,0
464,3,Passenger_464,female,20.6,4.0,1,16895,101.67,nan94,S,0
839,3,Passenger_839,male,27.7,2.0,3,41842,55.8,D37,S,0
138,3,Passenger_138,female,25.9,1.0,2,29312,53.76,D49,C,0
250,3,Passenger_250,male,,2.0,3,54790,81.73,B21,S,1
514,3,Passenger_514,female,17.1,2.0,3,23443,85.21,B136,S,1
608,2,Passenger_608,male,,4.0,0,78378,51.38,E129,S,0
513,3,Passenger_513,female,24.5,4.0,0,14095,66.42,A142,S,0
336,1,Passenger_336,female,58.1,3.0,4,91506,30.3,nan74,S,1
531,3,Passenger_531,female,nan,1.0,3,96391,-0.98,D103,S,1
169,1,Passenger_169,female,13.1,2.0,0,26063,46.19,D82,,0
725,3,Passenger_725,male,29.6,3.0,0,92500,,C58,S,0
656,1,Passenger_656,male,17.5,0.0,1,85272,43.03,E31,S,1
942,3,Passenger_942,male,17.4,4.0,4,75638,,C116,S,1
969,3,Passenger_969,male,40.0,2.0,3,55055,94.99,B84,C,0
10,3,Passenger_10,male,41.9,0.0,0,70197,-49.94,D17,C,0
621,1,Passenger_621,male,10.3,1.0,2,27679,60.01,C45,S,0
100,1,Passenger_100,male,29.2,3.0,2,38797,25.52,B29,S,1
354,1,Passenger_354,female,3.9,1.0,0,35705,-39.33,B36,C,1
420,3,Passenger_420,female,18.7,2.0,0,52767,54.87,C137,S,0
310,2,Passenger_310,male,36.2,0.0,1,52366,110.17,A72,S,1
740,2,Passenger_740,female,25.9,3.0,4,21004,,E35,S,0
89,3,Passenger_89,female,33.3,0.0,3,50294,98.19,C105,S,0
454,3,Passenger_454,male,28.9,4.0,2,17650,72.86,,S,1
219,3,Passenger_219,female,21.5,4.0,0,55307,83.82,nan103,S,0
380,2,Passenger_380,female,-10.2,0.0,4,87894,36.76,nan123,C,1
926,1,Passenger_926,female,12.9,3.0,3,52301,46.77,E92,C,1
83,2,Passenger_83,male,21.9,0.0,3,34223,2.79,B60,C,1
815,3,Passenger_815,female,29.7,4.0,0,98791,,,S,1
332,3,Passenger_332,female,nan,1.0,2,22010,37.52,B5,S,1
449,2,Passenger_449,female,34.5,2.0,0,80057,96.05,nan24,S,1
344,2,Passenger_344,male,30.0,2.0,0,81952,53.4,A48,S,0
993,2,Passenger_993,female,30.3,3.0,4,89805,58.02,nan17,S,0
13,3,Passenger_13,female,31.5,3.0,1,55709,42.09,nan149,S,0
483,3,Passenger_483,male,,0.0,1,33545,57.26,,,1
3,3,Passenger_3,female,10.5,2.0,3,55578,1.35,C32,C,0
609,3,Passenger_609,female,31.7,0.0,2,23938,104.8,B105,S,0
488,2,Passenger_488,female,43.8,4.0,2,97705,76.34,D130,S,0
936,2,Passenger_936,male,28.9,3.0,1,29736,64.79,C89,C,0
859,3,Passenger_859,male,38.9,2.0,3,82552,61.75,nan59,C,0
632,3,Passenger_632,male,,2.0,1,48499,-2.96,A132,S,1
61,2,Passenger_61,male,13.4,1.0,2,86472,98.04,E121,S,1
747,2,Passenger_747,male,8.0,3.0,3,23158,77.09,nan29,C,0
347,3,Passenger_347,male,39.7,0.0,4,38370,112.79,C91,C,0
884,1,Passenger_884,male,32.1,4.0,3,92577,112.28,C19,C,1
409,3,Passenger_409,male,8.1,3.0,2,94177,25.83,D42,S,0
195,2,Passenger_195,male,21.9,4.0,3,82239,89.61,B32,S,1
394,3,Passenger_394,male,18.4,0.0,1,71490,9.0,A5,S,1
985,3,Passenger_985,female,26.9,0.0,4,42863,31.35,D146,S,0
220,3,Passenger_220,male,55.6,3.0,1,31844,,E17,C,0
566,3,Passenger_566,female,45.2,2.0,1,24498,,C79,S,1
441,1,Passenger_441,male,27.4,3.0,2,96166,26.96,E88,S,1
729,2,Passenger_729,male,23.4,2.0,3,53127,-3.17,A72,S,0
604,1,Passenger_604,male,7.6,4.0,1,22329,0.79,C2,S,1
482,3,Passenger_482,male,49.8,4.0,0,42178,2.5,nan24,Q,1
44,3,Passenger_44,male,37.6,2.0,4,51430,27.35,nan27,C,0
909,2,Passenger_909,female,49.9,0.0,2,31819,,D14,C,1
589,1,Passenger_589,female,,0.0,4,31237,61.22,B120,S,0
17,2,Passenger_17,male,6.3,1.0,4,55433,55.06,A123,S,0
555,3,Passenger_555,male,22.5,4.0,3,10654,48.81,nan87,S,0
65,2,Passenger_65,male,27.4,3.0,1,68547,56.39,D91,S,1
775,3,Passenger_775,female,67.0,0.0,3,84254,129.53,C44,S,1
417,2,Passenger_417,female,7.4,0.0,1,76243,76.51,E134,S,0
463,3,Passenger_463,male,42.9,2.0,1,78412,20.32,B139,S,1
654,3,Passenger_654,male,42.6,4.0,0,79086,66.7,E65,C,1
935,1,Passenger_935,male,44.5,1.0,1,31530,,E118,C,1
397,3,Passenger_397,female,42.8,3.0,1,31369,10.59,A125,C,1
887,3,Passenger_887,female,,2.0,3,37823,84.43,E49,C,0
843,1,Passenger_843,male,18.9,4.0,1,82266,44.44,A11,C,0
710,3,Passenger_710,female,24.2,1.0,3,80455,102.79,E15,Q,0
776,1,Passenger_776,female,9.0,4.0,0,44927,141.22,nan109,S,0
450,1,Passenger_450,male,26.5,0.0,2,82913,41.24,nan104,S,0
22,1,Passenger_22,male,49.5,3.0,0,62292,52.75,C150,,1
635,1,Passenger_635,female,33.0,0.0,3,50073,3.07,A59,S,1
850,3,Passenger_850,female,43.1,4.0,2,91677,137.43,A3,S,0
978,1,Passenger_978,male,51.7,1.0,1,35329,60.58,,C,0
540,1,Passenger_540,male,32.5,2.0,4,68226,,nan116,,1
602,2,Passenger_602,male,40.4,0.0,4,35403,138.17,nan89,,1
445,3,Passenger_445,female,23.2,3.0,3,53989,110.53,,S,1
877,3,Passenger_877,female,35.5,2.0,0,61463,31.37,C2,S,0
907,3,Passenger_907,female,-4.1,2.0,2,80057,91.41,D64,Q,1
278,3,Passenger_278,female,52.5,0.0,0,32608,38.58,E105,S,1
263,1,Passenger_263,female,24.9,2.0,4,18967,50.61,nan18,S,0
576,3,Passenger_576,female,,4.0,1,68176,41.5,C35,S,0
389,3,Passenger_389,male,,3.0,1,14323,,E39,Q,0
979,3,Passenger_979,male,12.7,1.0,4,70292,,E99,S,1
130,3,Passenger_130,female,-0.1,0.0,3,56622,20.03,B133,Q,0
549,3,Passenger_549,female,28.1,0.0,2,75187,,nan12,S,0
276,3,Passenger_276,male,34.0,0.0,0,97457,123.09,,S,0
201,3,Passenger_201,male,29.8,2.0,3,29934,63.26,E96,S,1
47,2,Passenger_47,female,20.2,2.0,0,63761,-6.16,A60,C,1
582,3,Passenger_582,male,27.6,4.0,2,64829,123.76,A41,S,0
86,2,Passenger_86,male,12.9,1.0,1,40458,-4.33,B41,S,1
124,1,Passenger_124,male,43.4,4.0,3,31154,,nan29,S,1
275,3,Passenger_275,female,27.7,2.0,1,75492,10.18,C80,S,1
399,3,Passenger_399,male,50.9,1.0,0,14067,30.5,A43,C,0
966,2,Passenger_966,male,37.7,0.0,4,17263,59.2,,S,0
114,3,Passenger_114,male,25.6,2.0,4,34296,134.82,C21,C,1
922,3,Passenger_922,female,38.4,0.0,0,79815,67.54,E104,S,0
878,3,Passenger_878,female,22.9,0.0,1,82920,-21.52,D69,S,1
658,2,Passenger_658,female,19.9,4.0,1,79860,1.25,C11,S,0
923,3,Passenger_923,male,9.8,2.0,3,41112,53.15,B20,S,1
849,3,Passenger_849,male,39.2,2.0,3,26056,82.58,,S,1
821,3,Passenger_821,female,,1.0,3,75025,87.58,A16,S,0
990,3,Passenger_990,female,7.0,1.0,0,80332,97.16,C67,S,1
761,1,Passenger_761,female,2.3,2.0,4,66907,-18.19,nan52,,1
292,1,Passenger_292,female,53.8,3.0,1,47016,38.46,B134,S,0
431,1,Passenger_431,female,15.0,1.0,3,41686,74.72,C36,S,0
998,1,Passenger_998,male,,1.0,2,60477,30.58,C150,S,0
770,3,Passenger_770,male,57.4,1.0,2,91151,50.99,C96,,1
166,3,Passenger_166,male,2.3,2.0,2,98822,21.98,B135,Q,1
113,3,Passenger_113,female,14.7,0.0,0,34690,84.1,A7,S,1
268,3,Passenger_268,female,14.6,2.0,2,12930,27.53,E110,C,0
265,3,Passenger_265,female,15.4,0.0,2,41271,4.49,C19,S,1
661,2,Passenger_661,female,28.2,2.0,3,36797,75.97,,,0
153,1,Passenger_153,male,49.5,4.0,2,51344,,,,1
766,3,Passenger_766,female,17.1,4.0,2,22337,67.2,nan112,C,0
928,3,Passenger_928,female,27.9,3.0,3,78326,,nan56,C,1
600,1,Passenger_600,male,48.4,3.0,0,16169,48.78,,S,1
118,1,Passenger_118,female,35.5,0.0,4,43956,,A15,S,1
267,3,Passenger_267,female,58.8,1.0,3,95924,58.59,,,1
866,3,Passenger_866,male,32.6,1.0,2,90957,54.23,B45,,0
702,1,Passenger_702,male,41.4,3.0,2,92664,64.75,A23,S,1
561,3,Passenger_561,female,37.2,1.0,3,31744,45.76,nan21,S,0
402,3,Passenger_402,female,19.5,4.0,1,82800,44.2,D6,C,0
232,3,Passenger_232,male,20.5,1.0,0,39240,122.26,nan52,S,0
605,1,Passenger_605,male,26.6,4.0,1,92500,57.7,D65,C,1
369,1,Passenger_369,male,23.2,1.0,3,44769,,C113,S,1
829,3,Passenger_829,male,21.0,0.0,2,31195,-2.84,A85,C,0
606,3,Passenger_606,male,18.2,4.0,3,24197,95.79,E92,S,0
46,3,Passenger_46,female,30.6,1.0,0,72006,91.61,nan23,S,0
719,1,Passenger_719,male,6.4,2.0,4,65404,11.95,C56,S,0
828,2,Passenger_828,male,37.2,2.0,3,88771,,E149,S,0
910,2,Passenger_910,male,43.0,1.0,0,10892,89.29,D127,S,1
844,3,Passenger_844,male,25.7,4.0,2,15705,98.2,C2,S,1
607,2,Passenger_607,female,60.4,3.0,0,31031,12.38,,,1
309,3,Passenger_309,male,13.3,0.0,4,95488,41.5,D54,S,1
255,1,Passenger_255,female,nan,3.0,4,29089,50.96,B101,S,0
351,3,Passenger_351,female,14.0,4.0,1,56054,15.91,B150,S,0
239,3,Passenger_239,female,46.8,3.0,3,93061,68.92,nan99,Q,0
264,3,Passenger_264,female,18.3,3.0,0,30623,91.91,D98,S,1
119,3,Passenger_119,male,,4.0,2,71131,87.45,A70,S,0
574,3,Passenger_574,male,25.8,1.0,4,91520,23.03,A51,S,1
52,3,Passenger_52,male,20.3,2.0,3,45200,36.07,A41,C,0
1000,2,Passenger_1000,female,37.8,1.0,2,20066,24.96,C136,S,0
708,3,Passenger_708,female,45.8,0.0,4,67312,48.62,B29,S,0
131,2,Passenger_131,male,35.4,1.0,0,87585,70.9,D133,C,1
72,1,Passenger_72,male,10.8,0.0,3,26001,50.25,,S,0
120,3,Passenger_120,female,25.7,0.0,4,72984,57.39,A142,S,0
895,3,Passenger_895,male,,0.0,1,23209,50.7,B130,S,1
191,1,Passenger_191,female,13.6,4.0,1,14589,49.08,C53,C,0
106,2,Passenger_106,female,10.2,4.0,4,78690,40.88,nan51,S,1
182,1,Passenger_182,male,0.0,4.0,3,75399,-6.72,,S,0
569,3,Passenger_569,female,35.1,0.0,3,34189,21.4,D34,,1
860,1,Passenger_860,male,12.7,1.0,0,57054,47.31,D145,S,1
977,3,Passenger_977,female,31.4,3.0,0,83008,90.05,nan70,C,1
562,2,Passenger_562,female,26.4,2.0,0,59402,118.19,nan75,C,1
524,3,Passenger_524,female,34.5,4.0,4,57318,100.1,A34,C,1
425,1,Passenger_425,male,36.0,4.0,2,60418,40.15,A50,,1
701,3,Passenger_701,male,,1.0,1,67224,,B1,C,0
315,3,Passenger_315,male,,2.0,4,63617,,E17,C,1
476,3,Passenger_476,male,24.3,2.0,4,94329,87.98,C121,S,0
348,1,Passenger_348,female,43.4,4.0,1,98262,52.75,C74,C,1
730,1,Passenger_730,male,29.8,2.0,2,58799,47.55,E87,S,0
751,1,Passenger_751,female,54.3,2.0,1,75824,-19.67,nan144,,0
971,3,Passenger_971,female,,1.0,1,85343,10.35,A80,S,1
799,3,Passenger_799,male,44.8,4.0,4,11428,-18.68,E33,S,1
556,2,Passenger_556,female,28.7,4.0,3,13012,28.16,B88,S,1
550,3,Passenger_550,male,16.4,2.0,1,49687,42.21,nan59,S,1
378,1,Passenger_378,female,22.5,4.0,4,30129,-9.04,D82,S,1
713,3,Passenger_713,female,25.7,4.0,4,93853,58.92,D73,S,1
629,1,Passenger_629,female,34.5,2.0,1,49240,43.47,D80,S,1
692,2,Passenger_692,male,54.9,1.0,4,67425,-54.83,A129,S,0
677,1,Passenger_677,male,14.0,3.0,1,69979,16.38,D46,Q,0
375,1,Passenger_375,female,23.5,0.0,0,88693,102.59,C118,S,1
950,3,Passenger_950,female,38.4,2.0,0,90127,15.13,D1,S,0
873,3,Passenger_873,male,36.7,2.0,1,32150,91.87,C74,S,0
695,1,Passenger_695,female,44.0,2.0,3,42183,56.16,nan99,S,1
736,3,Passenger_736,female,24.8,3.0,0,46225,5.68,C80,S,1
525,3,Passenger_525,male,13.5,1.0,3,12552,3.99,D71,S,1
23,2,Passenger_23,female,42.9,0.0,1,75619,,,,0
247,2,Passenger_247,male,10.1,1.0,0,24455,52.91,E90,S,0
104,3,Passenger_104,female,17.1,2.0,2,73126,,C36,S,0
970,3,Passenger_970,male,40.1,2.0,2,83044,,E115,C,1
762,2,Passenger_762,male,40.5,4.0,3,15221,52.96,E127,,0
345,2,Passenger_345,male,,3.0,1,85504,41.88,D75,C,0
997,3,Passenger_997,male,,4.0,4,10128,30.33,nan93,S,1
423,1,Passenger_423,male,15.8,3.0,3,50777,31.19,B117,S,0
784,2,Passenger_784,female,25.2,1.0,4,99264,127.28,nan93,S,1
145,2,Passenger_145,male,37.5,4.0,0,24410,126.13,D112,S,1
888,2,Passenger_888,female,29.9,4.0,4,46268,,nan81,C,1
266,3,Passenger_266,male,,0.0,3,99747,50.98,E94,C,1
808,3,Passenger_808,male,27.9,1.0,1,76367,74.88,B51,,0
160,3,Passenger_160,male,27.4,4.0,1,13976,81.43,C109,C,1
795,1,Passenger_795,female,21.7,4.0,1,47196,92.93,nan130,S,1
897,2,Passenger_897,female,23.3,2.0,0,79718,3.85,,C,1
788,2,Passenger_788,male,29.6,2.0,3,26834,4.76,nan141,S,0
896,2,Passenger_896,male,18.5,2.0,3,62028,-3.76,D109,S,0
891,3,Passenger_891,female,41.6,3.0,3,46646,62.97,nan53,S,0
374,3,Passenger_374,female,27.9,1.0,1,79556,28.03,D112,S,1
906,3,Passenger_906,male,21.8,0.0,3,15337,61.38,C36,S,0
639,2,Passenger_639,female,45.1,1.0,4,38907,33.7,A26,S,1
560,3,Passenger_560,female,23.9,4.0,2,39177,39.19,A106,C,1
493,2,Passenger_493,female,32.7,1.0,1,23058,90.32,,Q,0
596,3,Passenger_596,female,49.2,0.0,3,66793,45.48,C55,S,0
780,3,Passenger_780,male,31.4,1.0,2,38453,48.38,A41,S,1
462,3,Passenger_462,female,9.9,3.0,0,73503,127.6,C115,C,1
789,3,Passenger_789,female,45.8,1.0,4,16320,15.95,A90,C,1
308,2,Passenger_308,female,35.5,0.0,1,17614,51.12,B140,S,1
366,2,Passenger_366,male,45.2,3.0,3,28900,20.31,,S,1
857,1,Passenger_857,female,26.3,0.0,3,29987,26.59,B102,C,0
80,1,Passenger_80,female,52.8,3.0,4,58524,29.14,C48,C,0
840,3,Passenger_840,male,19.6,4.0,3,15562,23.69,D46,S,1
251,2,Passenger_251,male,48.6,1.0,4,60388,89.86,nan91,S,1
938,3,Passenger_938,male,15.0,2.0,3,93736,63.54,D55,C,0
721,3,Passenger_721,female,43.5,2.0,2,56119,34.28,D1,S,0
584,2,Passenger_584,female,,1.0,2,14505,5.11,B32,S,1
973,3,Passenger_973,male,39.4,3.0,3,86906,19.54,E2,S,1
333,1,Passenger_333,female,22.1,2.0,4,11627,7.75,E19,S,0
758,3,Passenger_758,female,21.3,4.0,0,42556,55.97,nan116,S,1
67,1,Passenger_67,female,30.6,2.0,0,48152,39.99,,Q,0
305,3,Passenger_305,male,21.9,2.0,3,65630,126.18,C141,C,1
593,1,Passenger_593,male,20.8,2.0,1,82104,20.85,C29,S,0
905,2,Passenger_905,female,33.7,4.0,1,84035,33.59,B114,S,0
931,1,Passenger_931,female,34.6,4.0,4,95349,33.75,A80,S,1
728,3,Passenger_728,male,35.9,1.0,0,54584,43.01,C99,S,0
867,1,Passenger_867,female,55.2,2.0,1,14544,105.79,D53,C,0
76,3,Passenger_76,male,52.9,1.0,4,66007,,D109,S,0
59,1,Passenger_59,female,18.3,4.0,3,92009,27.84,E129,S,0
226,2,Passenger_226,male,34.2,2.0,2,74693,92.0,D44,C,0
628,3,Passenger_628,female,19.5,3.0,2,70433,26.96,B123,S,0
461,1,Passenger_461,female,31.6,2.0,4,19715,27.83,A25,S,1
542,3,Passenger_542,male,36.8,0.0,0,77632,70.28,,C,1
306,3,Passenger_306,male,38.2,4.0,1,60937,25.78,D46,C,0
497,3,Passenger_497,female,32.4,2.0,1,99939,96.58,nan79,C,0
914,2,Passenger_914,female,32.8,0.0,4,27022,37.04,nan133,S,0
230,3,Passenger_230,female,19.5,4.0,2,50550,,C44,S,1
146,1,Passenger_146,female,17.4,3.0,2,40967,80.16,E94,S,0
112,1,Passenger_112,male,38.5,3.0,1,60899,47.53,nan123,S,1
50,1,Passenger_50,male,54.5,0.0,4,84290,-2.49,E20,S,0
554,3,Passenger_554,female,,4.0,3,32338,,B131,S,0
377,3,Passenger_377,male,37.2,1.0,3,88649,,A24,S,1
898,3,Passenger_898,male,42.2,4.0,1,59442,16.19,D133,,0
548,3,Passenger_548,male,56.6,3.0,4,84843,,D66,C,1
55,3,Passenger_55,male,25.9,1.0,3,36299,-11.09,A144,C,0
848,3,Passenger_848,female,18.6,2.0,1,51716,5.19,D95,C,0
339,3,Passenger_339,female,44.3,0.0,2,15887,14.35,E107,,0
472,3,Passenger_472,female,18.2,1.0,1,10890,116.59,C114,C,1
8,3,Passenger_8,male,37.9,2.0,3,37184,44.57,D64,S,0
94,3,Passenger_94,female,35.2,3.0,0,79068,121.15,D148,S,0
670,2,Passenger_670,male,30.3,2.0,0,88350,42.52,D120,S,1
591,1,Passenger_591,female,-7.8,4.0,2,49078,7.43,B91,,1
21,3,Passenger_21,male,32.5,3.0,3,40851,71.88,C86,S,1
805,2,Passenger_805,male,37.8,4.0,3,88078,92.28,nan66,C,1
647,3,Passenger_647,female,33.7,0.0,4,40135,53.19,D10,S,0
487,1,Passenger_487,female,27.4,0.0,0,31446,110.75,C28,S,0
246,3,Passenger_246,female,,2.0,4,96828,,nan56,S,0
27,1,Passenger_27,male,16.2,2.0,3,41517,-15.5,B131,S,0
678,2,Passenger_678,female,,0.0,4,35956,,B133,,0
640,2,Passenger_640,female,30.3,1.0,1,82299,108.86,,Q,0
282,2,Passenger_282,male,46.4,4.0,1,99383,-16.89,nan73,Q,0
143,3,Passenger_143,female,27.6,1.0,4,14340,45.71,A8,C,1
944,3,Passenger_944,male,-5.0,0.0,1,34347,43.42,,S,0
161,2,Passenger_161,male,30.8,3.0,4,37666,17.73,B55,,1
759,3,Passenger_759,female,,1.0,0,34161,41.79,nan136,Q,0
231,3,Passenger_231,female,36.4,1.0,3,16758,53.64,nan125,,0
330,2,Passenger_330,female,47.7,4.0,0,47827,86.64,nan40,,1
174,2,Passenger_174,female,50.9,4.0,3,54760,114.9,,C,0
826,3,Passenger_826,female,37.2,1.0,3,45064,-29.77,B94,S,0
258,3,Passenger_258,female,33.8,4.0,3,86737,58.86,C122,S,1
289,2,Passenger_289,male,47.3,0.0,4,93388,69.15,D99,S,0
323,3,Passenger_323,female,54.2,0.0,2,23333,59.42,C4,S,0
889,1,Passenger_889,male,25.4,3.0,3,28261,56.81,nan110,S,1
155,3,Passenger_155,female,,0.0,0,18365,,A23,S,0
406,3,Passenger_406,male,26.1,3.0,4,35303,95.88,B51,S,1
173,3,Passenger_173,male,27.0,1.0,2,47967,71.24,B2,S,0
96,3,Passenger_96,male,13.1,1.0,4,48121,83.12,B107,S,0
858,3,Passenger_858,male,1.9,3.0,2,55063,0.39,B102,S,0
983,1,Passenger_983,male,32.4,2.0,0,95456,89.83,E63,S,1
269,2,Passenger_269,male,26.9,0.0,1,91132,-12.14,C130,S,1
244,2,Passenger_244,female,40.1,1.0,2,86711,74.33,B55,,0
175,3,Passenger_175,male,32.1,4.0,2,47186,50.89,C148,S,0
786,3,Passenger_786,female,24.8,1.0,0,38800,25.6,nan71,C,0
967,3,Passenger_967,male,13.5,1.0,1,28979,,E36,S,0
565,2,Passenger_565,female,16.9,2.0,3,92397,46.0,nan130,S,0
940,3,Passenger_940,male,41.5,2.0,4,21805,87.88,D136,S,0
696,3,Passenger_696,female,20.6,2.0,0,54560,48.31,D40,S,0
846,2,Passenger_846,female,,2.0,0,70263,36.35,nan118,S,0
33,1,Passenger_33,male,21.6,1.0,0,68641,,,,1
405,2,Passenger_405,male,40.3,0.0,4,61408,5.6,nan68,C,1
485,3,Passenger_485,male,,3.0,2,25701,68.96,D7,C,1
176,1,Passenger_176,male,25.3,3.0,0,57373,-8.44,A78,S,1
360,3,Passenger_360,male,,3.0,3,17693,50.65,B27,S,1
662,3,Passenger_662,female,31.1,1.0,1,76960,2000.0,A30,S,0
381,1,Passenger_381,female,29.6,4.0,3,73544,61.16,E115,S,1
603,1,Passenger_603,female,31.1,0.0,3,98463,19.18,B29,S,1
817,3,Passenger_817,female,,4.0,3,73486,-25.5,E3,S,0
379,3,Passenger_379,male,13.6,3.0,1,75609,34.78,nan108,S,1
715,2,Passenger_715,female,48.3,4.0,0,87808,-24.48,,S,1
9,3,Passenger_9,male,38.3,2.0,0,41610,61.45,nan59,Q,0
852,3,Passenger_852,male,19.3,2.0,1,12533,22.78,D98,,1
480,3,Passenger_480,male,15.1,1.0,1,76341,44.14,A71,S,1
284,1,Passenger_284,female,11.8,0.0,4,51467,50.84,nan129,C,1
233,3,Passenger_233,female,58.2,4.0,4,36080,15.59,E28,S,0
587,1,Passenger_587,female,43.7,1.0,4,43847,58.7,B84,S,1
676,3,Passenger_676,male,35.1,1.0,0,89112,134.67,A107,S,1
403,3,Passenger_403,male,,3.0,1,81470,36.88,C118,S,0
650,3,Passenger_650,female,42.5,4.0,3,45541,80.41,A149,S,1
481,3,Passenger_481,male,30.3,3.0,3,12448,80.11,A21,S,1
697,2,Passenger_697,female,49.5,4.0,0,40838,52.66,B131,S,0
207,1,Passenger_207,male,29.6,4.0,1,46200,8.15,nan38,C,0
117,3,Passenger_117,male,62.5,0.0,1,56793,48.47,C134,S,1
304,3,Passenger_304,male,,3.0,4,17827,93.73,C121,S,0
744,3,Passenger_744,male,35.2,4.0,0,35623,39.78,E52,S,1
466,2,Passenger_466,male,45.1,3.0,1,69845,69.52,D77,S,0
739,2,Passenger_739,female,37.9,0.0,1,18727,43.6,D59,C,0
541,3,Passenger_541,male,34.9,1.0,3,80676,29.12,D145,C,0
616,3,Passenger_616,female,11.5,0.0,1,83668,,C126,S,0
691,2,Passenger_691,female,21.0,2.0,3,53341,1500.0,B61,S,1
238,1,Passenger_238,male,16.4,2.0,3,23423,62.59,C14,S,0
837,3,Passenger_837,female,29.6,4.0,4,25952,60.49,nan150,S,1
864,2,Passenger_864,male,11.7,4.0,4,16986,,,C,1
495,3,Passenger_495,male,34.7,1.0,3,28839,-15.82,E109,S,1
34,3,Passenger_34,female,,1.0,3,71671,54.08,C49,S,1
968,2,Passenger_968,male,45.6,4.0,0,19001,36.6,nan13,S,0
782,3,Passenger_782,female,24.5,2.0,2,53933,-10.85,,S,1
259,3,Passenger_259,female,51.4,4.0,0,73661,-4.73,C78,C,1
456,3,Passenger_456,male,74.7,0.0,4,15879,74.86,A120,S,1
385,3,Passenger_385,male,21.6,0.0,4,89316,-6.08,nan56,S,0
254,2,Passenger_254,female,60.3,3.0,3,35831,37.88,E118,S,1
767,3,Passenger_767,female,-5.4,4.0,3,46644,83.88,nan122,S,1
825,3,Passenger_825,female,43.3,4.0,0,58124,46.11,C12,S,0
916,2,Passenger_916,male,25.6,1.0,2,59877,,nan101,S,1
252,2,Passenger_252,male,37.8,0.0,4,99490,20.81,E47,S,0
335,1,Passenger_335,male,51.6,1.0,2,54739,13.18,D126,C,0
57,1,Passenger_57,female,20.6,3.0,4,67680,26.1,nan46,S,1
74,3,Passenger_74,female,66.1,2.0,2,94560,16.86,C128,C,1
151,3,Passenger_151,male,29.6,0.0,2,79964,38.93,D29,,1
631,3,Passenger_631,male,3.7,3.0,0,61678,72.53,A32,,1
108,3,Passenger_108,male,,3.0,3,50485,13.67,A14,C,1
97,3,Passenger_97,female,53.4,2.0,0,67936,39.51,nan17,,1
871,2,Passenger_871,female,41.3,4.0,1,88320,-18.85,C82,,1
326,3,Passenger_326,male,43.1,3.0,0,95530,-16.58,nan8,S,1
352,3,Passenger_352,male,27.3,2.0,1,55310,-8.51,,S,0
664,2,Passenger_664,male,20.9,4.0,1,82710,1000.0,nan144,S,0
428,3,Passenger_428,male,24.9,2.0,2,92008,23.89,D110,C,0
618,2,Passenger_618,male,29.5,1.0,3,89953,107.06,,S,1
653,3,Passenger_653,female,52.6,4.0,2,49641,56.68,nan25,S,0
502,3,Passenger_502,male,28.3,3.0,1,61318,44.23,B115,S,0
886,1,Passenger_886,male,45.7,4.0,0,75965,-20.68,D8,S,0
298,2,Passenger_298,male,35.3,3.0,3,87610,-9.59,B95,S,0
193,3,Passenger_193,female,37.6,2.0,0,42613,38.32,D96,S,1
66,3,Passenger_66,female,28.2,3.0,4,48844,35.35,,S,1
147,3,Passenger_147,male,30.4,3.0,3,92181,69.19,A10,C,1
42,3,Passenger_42,male,24.0,0.0,2,73494,95.37,B67,S,1
712,3,Passenger_712,male,27.0,4.0,4,78585,62.75,A1,,0
711,3,Passenger_711,female,14.5,1.0,0,34572,40.01,E54,S,1
103,2,Passenger_103,male,37.5,4.0,1,83006,,C126,S,0
760,3,Passenger_760,male,23.4,0.0,1,84221,3.07,D8,S,0
142,2,Passenger_142,female,43.9,0.0,0,11739,97.3,C132,S,0
490,3,Passenger_490,male,66.3,1.0,2,60972,84.57,nan106,S,1
452,3,Passenger_452,female,8.1,3.0,0,78064,27.79,D31,,0
471,1,Passenger_471,female,36.8,2.0,1,17254,45.34,D111,C,0
675,2,Passenger_675,male,21.4,2.0,1,45285,6.63,nan44,S,1
38,1,Passenger_38,male,37.7,3.0,0,96698,37.06,A8,S,0
794,3,Passenger_794,male,20.8,2.0,1,73731,104.65,D84,S,0
168,1,Passenger_168,male,28.0,1.0,2,28471,92.18,nan17,S,0
183,3,Passenger_183,male,36.1,0.0,3,14459,16.67,D142,S,0
876,1,Passenger_876,female,68.6,4.0,0,92101,26.44,A112,,0
349,2,Passenger_349,female,31.2,0.0,3,26543,24.43,D117,C,1
216,2,Passenger_216,female,27.1,0.0,2,39174,32.95,A90,S,1
473,1,Passenger_473,male,21.0,2.0,2,92526,14.63,E1,S,1
835,3,Passenger_835,male,34.9,4.0,4,28930,80.4,C67,S,1
137,3,Passenger_137,female,42.9,2.0,2,57775,-9.57,C83,S,0
742,2,Passenger_742,female,25.3,1.0,3,23698,155.51,D78,S,0
194,3,Passenger_194,male,40.6,2.0,3,59569,31.84,C67,S,1
6,1,Passenger_6,male,64.2,3.0,2,64692,,E36,S,1
976,2,Passenger_976,male,22.0,2.0,3,73272,54.35,C90,C,1
343,1,Passenger_343,male,18.5,4.0,0,86212,17.81,E123,S,0
545,3,Passenger_545,female,35.7,4.0,1,13243,19.59,B85,C,1
537,3,Passenger_537,male,16.0,3.0,4,11969,,E113,S,0
703,2,Passenger_703,female,,0.0,4,34253,44.77,E120,Q,1
511,3,Passenger_511,female,,0.0,0,65612,75.21,D89,S,1
498,1,Passenger_498,female,48.4,1.0,3,16631,46.51,,C,1
681,3,Passenger_681,male,28.2,0.0,3,66525,-0.86,,S,0
652,3,Passenger_652,male,,4.0,2,52955,56.47,nan86,,1
102,3,Passenger_102,male,,2.0,2,90444,-8.97,nan132,C,0
391,3,Passenger_391,female,28.6,2.0,2,16388,38.88,E98,C,0
732,3,Passenger_732,female,,1.0,2,83065,89.03,nan98,,0
134,2,Passenger_134,male,41.7,4.0,0,90137,124.51,D111,S,1
241,3,Passenger_241,male,15.3,4.0,0,16443,10.87,C11,S,0
530,3,Passenger_530,male,26.4,3.0,2,80065,54.96,,S,1
723,1,Passenger_723,female,12.7,3.0,2,92091,43.89,B62,S,0
223,1,Passenger_223,female,60.2,3.0,2,69970,41.85,nan45,,0
963,2,Passenger_963,female,29.7,4.0,2,94375,,D12,S,1
958,1,Passenger_958,male,,0.0,3,13183,24.61,B122,,1
778,3,Passenger_778,male,36.5,1.0,2,92311,36.58,A125,C,0
36,3,Passenger_36,female,36.2,2.0,2,37759,120.81,,S,1
930,2,Passenger_930,female,50.3,4.0,1,64795,94.32,C96,S,1
519,3,Passenger_519,female,44.0,0.0,3,87532,,,C,1
412,3,Passenger_412,male,12.4,4.0,1,93298,39.44,D120,S,1
793,3,Passenger_793,male,17.3,2.0,3,73951,64.22,E24,S,0
75,3,Passenger_75,male,18.7,4.0,4,39740,9.96,,S,0
920,1,Passenger_920,female,,3.0,0,40104,19.13,A113,S,0
334,1,Passenger_334,male,32.6,2.0,4,72015,7.66,C28,S,0
673,1,Passenger_673,female,,4.0,3,31893,26.47,C98,,1
601,1,Passenger_601,female,53.0,2.0,2,25124,87.07,E40,S,0
836,2,Passenger_836,male,45.0,2.0,0,48565,111.17,B134,S,1
625,3,Passenger_625,female,31.2,1.0,4,75788,,A146,,1
132,2,Passenger_132,male,64.9,4.0,0,27831,-23.39,E17,Q,0
465,3,Passenger_465,male,56.2,0.0,0,28026,4.58,E83,S,1
874,2,Passenger_874,female,37.1,1.0,0,21657,80.41,A40,C,0
875,1,Passenger_875,female,44.8,1.0,1,96054,87.48,E119,S,1
980,3,Passenger_980,male,9.5,3.0,1,48878,88.69,C104,C,1
111,2,Passenger_111,female,45.3,1.0,1,56237,14.35,E94,S,0
419,3,Passenger_419,male,,0.0,1,97644,,A94,S,1
144,2,Passenger_144,male,19.4,1.0,0,29934,89.98,C112,S,1
225,2,Passenger_225,female,40.4,3.0,4,70881,,A55,,0
157,3,Passenger_157,female,15.1,1.0,4,37328,4.69,A141,,0
208,3,Passenger_208,female,16.9,4.0,3,89857,51.16,E103,,1
386,3,Passenger_386,female,36.6,0.0,1,23856,102.81,E32,S,1
48,3,Passenger_48,male,20.7,3.0,4,57284,155.8,nan41,C,1
986,3,Passenger_986,female,50.9,3.0,2,15391,-10.52,B145,S,1
738,3,Passenger_738,female,52.4,4.0,0,71630,127.38,B108,C,0
240,1,Passenger_240,male,20.8,4.0,3,20109,87.49,E2,S,1
932,3,Passenger_932,male,34.2,1.0,4,90751,25.33,B129,S,0
404,3,Passenger_404,male,,2.0,4,89449,82.04,nan24,S,0
453,2,Passenger_453,female,42.4,0.0,1,11431,56.39,B64,C,1
809,3,Passenger_809,male,27.3,4.0,2,86451,19.71,nan118,S,0
217,2,Passenger_217,female,20.6,1.0,1,92282,66.08,B63,S,0
868,1,Passenger_868,female,47.3,0.0,2,15837,8.19,D23,C,1
400,3,Passenger_400,female,,2.0,2,55854,71.35,C75,S,1
665,1,Passenger_665,female,32.4,0.0,0,62743,10.78,D114,S,0
475,3,Passenger_475,female,25.3,0.0,2,37027,52.39,D49,S,1
687,3,Passenger_687,male,47.7,2.0,1,59075,117.37,D143,S,1
623,2,Passenger_623,female,8.9,2.0,2,30377,34.15,E41,C,0
925,2,Passenger_925,female,22.3,3.0,1,91913,11.22,E28,S,0
325,3,Passenger_325,male,33.1,3.0,0,94210,23.64,C144,S,0
686,3,Passenger_686,male,15.6,3.0,4,94825,24.58,E80,S,0
180,1,Passenger_180,female,32.4,3.0,4,93923,80.56,D77,C,1
797,3,Passenger_797,male,,4.0,1,46446,19.62,,S,1
804,3,Passenger_804,female,39.0,1.0,2,67936,68.86,E71,Q,0
756,3,Passenger_756,male,22.4,0.0,1,39067,-12.86,nan103,,0
655,2,Passenger_655,male,26.2,1.0,1,97570,72.35,C45,S,0
575,3,Passenger_575,male,41.2,0.0,3,66787,97.1,A148,C,1
202,1,Passenger_202,female,,1.0,0,18433,55.67,E58,S,0
947,1,Passenger_947,male,17.4,2.0,4,13554,103.22,nan81,C,1
577,1,Passenger_577,male,15.2,4.0,4,64647,,nan144,S,0
516,1,Passenger_516,female,25.5,0.0,4,48330,46.64,B66,C,0
438,3,Passenger_438,male,,1.0,3,64584,81.48,D76,S,0
790,3,Passenger_790,female,,1.0,4,82978,-26.41,A131,S,1
277,3,Passenger_277,female,26.5,4.0,3,49054,,nan140,S,1
257,3,Passenger_257,male,30.8,2.0,1,55384,47.56,D52,C,0
440,1,Passenger_440,male,19.8,4.0,4,66530,45.93,A106,S,1
841,1,Passenger_841,male,20.5,2.0,2,96408,17.03,nan145,C,1
249,3,Passenger_249,female,25.5,0.0,0,19595,-5.42,A138,S,0
87,3,Passenger_87,female,30.5,4.0,1,27582,-5.88,E108,C,1
448,3,Passenger_448,male,52.7,3.0,1,88080,92.67,B131,C,1
830,3,Passenger_830,male,36.0,4.0,2,52550,-34.95,C54,,0
917,2,Passenger_917,male,38.6,0.0,2,45889,65.85,A103,C,0
641,1,Passenger_641,male,56.6,0.0,3,74148,35.45,nan32,S,0
446,3,Passenger_446,male,16.7,0.0,3,50226,65.92,nan103,S,0
957,3,Passenger_957,male,26.8,1.0,1,47226,45.83,,S,1
558,1,Passenger_558,male,32.7,1.0,0,53591,40.71,nan70,S,1
186,3,Passenger_186,male,9.2,0.0,2,23925,53.03,D97,S,0
801,3,Passenger_801,female,29.2,4.0,0,34239,-66.18,nan76,,1
395,2,Passenger_395,male,26.8,2.0,3,40202,97.33,B134,S,1
427,2,Passenger_427,male,32.5,0.0,2,12078,103.04,C97,S,1
107,2,Passenger_107,male,28.4,2.0,0,89151,89.76,B144,S,0
477,1,Passenger_477,female,16.6,0.0,4,23885,9.45,E15,S,0
863,3,Passenger_863,male,49.0,4.0,4,78019,111.32,E25,,0
162,3,Passenger_162,male,37.4,4.0,4,47314,-17.71,nan6,,0
58,1,Passenger_58,male,,2.0,2,60240,93.12,A37,S,1
149,1,Passenger_149,female,45.2,2.0,2,63940,75.98,E67,S,0
522,2,Passenger_522,female,29.7,1.0,4,20193,21.81,nan9,C,1
457,1,Passenger_457,male,34.2,1.0,3,31753,36.69,C136,S,0
951,3,Passenger_951,female,22.4,4.0,4,54930,28.34,E101,C,1
228,2,Passenger_228,male,51.9,0.0,2,48741,36.63,D123,S,1
479,3,Passenger_479,female,58.9,1.0,0,89149,,nan87,S,1
