bedrooms,bathrooms,sqft,age_years,garage_spaces,neighborhood,price
4,1,2481,25,2,Downtown,543434
5,1,2154,37,1,Rural,264291
3,3,1776,0,2,Suburbs,311472
5,2,2034,19,2,Suburbs,385312
5,1,2099,27,2,Downtown,455730
2,3,2225,15,2,Downtown,446473
3,2,1462,46,2,Waterfront,443699
3,1,2334,16,2,Downtown,465792
3,2,1455,39,2,Suburbs,244143
5,3,2816,27,1,Downtown,572886
4,1,1614,11,2,Suburbs,280772
3,2,2148,26,2,Downtown,446020
5,1,2503,41,3,Waterfront,787218
2,2,1874,46,2,Waterfront,554233
4,3,2170,29,2,Waterfront,686434
2,3,2718,40,2,Downtown,522813
4,1,2282,33,2,Waterfront,725135
5,2,2178,36,2,Suburbs,386014
1,1,1158,5,1,Suburbs,219416
4,1,1533,6,2,Suburbs,268043
2,2,2523,31,2,Downtown,502606
5,2,2285,31,2,Downtown,469201
4,2,2361,24,1,Waterfront,709075
1,3,2318,32,2,Downtown,438948
1,1,2645,6,2,Suburbs,415240
3,1,1869,11,0,Suburbs,300503
3,3,2060,15,2,Waterfront,676913
2,2,1486,15,2,Rural,183853
4,3,1361,42,2,Waterfront,461968
4,3,1178,35,3,Downtown,276720
3,3,1557,12,2,Downtown,363474
4,1,2776,6,2,Suburbs,481543
4,3,1224,35,2,Downtown,278276
1,1,1848,46,1,Downtown,300996
3,1,1353,8,1,Suburbs,246340
5,1,1700,31,2,Suburbs,321941
3,2,2085,10,1,Rural,229432
5,1,1650,7,2,Downtown,372082
1,1,2545,32,2,Downtown,486813
2,2,2767,22,2,Downtown,508639
4,1,875,24,2,Rural,113245
1,3,1659,7,2,Waterfront,522834
4,3,2030,44,2,Waterfront,658285
2,1,2563,21,2,Rural,334187
2,2,1773,3,1,Suburbs,341605
1,3,1990,39,2,Suburbs,322880
2,2,1422,2,2,Suburbs,248560
5,2,1234,28,2,Suburbs,265503
2,3,2723,40,2,Suburbs,428532
4,2,1088,28,0,Suburbs,183953
4,3,3164,33,2,Rural,364297
4,2,2363,33,2,Rural,274107
4,3,2340,27,2,Waterfront,743549
5,1,2288,12,3,Waterfront,737040
3,3,1874,14,2,Suburbs,336751
1,3,2196,22,3,Downtown,472787
4,3,1906,43,3,Downtown,414442
2,3,2277,25,2,Suburbs,410315
4,2,1983,3,2,Waterfront,675593
2,1,1525,25,0,Downtown,301309
2,3,1565,39,2,Rural,179262
4,2,1508,8,2,Downtown,366626
5,1,2485,4,1,Downtown,515582
2,1,1691,31,1,Suburbs,271151
2,1,1044,19,3,Downtown,241915
4,1,2198,49,2,Downtown,439408
2,3,2757,10,2,Suburbs,445183
2,3,2387,14,2,Waterfront,693024
4,2,1698,31,0,Suburbs,308433
4,2,1207,27,0,Suburbs,228896
1,2,1933,21,1,Suburbs,273018
5,1,1920,40,0,Downtown,372734
5,1,1515,16,0,Rural,195598
2,3,2276,25,3,Downtown,474245
5,1,2923,43,2,Rural,311229
2,1,2111,6,1,Suburbs,344886
1,1,2080,41,1,Rural,230968
4,2,1531,25,2,Downtown,332819
4,2,2699,24,0,Suburbs,447923
4,3,1962,9,3,Downtown,432886
5,1,1711,44,2,Downtown,384877
1,1,2032,18,2,Suburbs,310791
5,3,2236,10,1,Downtown,461235
5,1,2070,12,0,Suburbs,360020
1,1,2603,7,2,Downtown,472883
1,2,2192,39,2,Suburbs,303196
1,3,1858,3,2,Waterfront,594443
1,3,2201,46,1,Suburbs,320405
4,3,2250,30,2,Suburbs,366800
3,3,1352,27,2,Suburbs,234037
3,2,2575,10,2,Waterfront,769839
1,2,1850,42,1,Suburbs,281590
3,1,1862,0,1,Suburbs,300481
3,1,2376,48,2,Rural,278311
1,1,2374,46,2,Waterfront,668192
3,1,1650,37,2,Suburbs,254438
5,2,2401,23,2,Suburbs,412356
2,3,1720,46,2,Waterfront,504278
2,2,2910,30,2,Suburbs,464168
1,1,1586,40,2,Downtown,320316
4,2,2120,45,3,Downtown,466159
1,3,1609,49,2,Waterfront,514105
4,3,3111,25,3,Downtown,594455
2,2,1381,48,2,Waterfront,394008
1,2,2262,49,1,Suburbs,379107
5,2,1633,4,2,Suburbs,282868
3,1,1823,19,1,Downtown,404156
4,2,2227,40,3,Downtown,468565
3,2,2612,10,2,Rural,313673
3,2,2812,32,0,Waterfront,776763
1,3,1232,49,2,Suburbs,192206
3,3,2134,37,3,Suburbs,405529
5,1,2730,26,0,Suburbs,450508
3,1,1157,33,2,Suburbs,199212
1,3,2157,14,2,Suburbs,365693
5,3,1999,31,2,Downtown,434568
2,3,2207,20,2,Suburbs,378994
3,2,1614,45,1,Waterfront,464644
1,2,1282,4,0,Rural,145687
2,3,1043,5,2,Downtown,233199
2,2,2488,37,2,Waterfront,685233
4,2,2552,21,3,Suburbs,455943
5,1,2151,17,0,Suburbs,344526
3,3,1733,13,2,Downtown,374032
1,3,1188,9,0,Suburbs,217293
4,2,2282,45,1,Suburbs,347795
5,3,1450,12,2,Suburbs,304535
4,1,1644,30,2,Waterfront,520778
5,1,1707,29,2,Waterfront,543183
5,1,1901,2,3,Suburbs,403643
3,3,1620,29,2,Rural,202689
5,3,2017,5,3,Suburbs,377648
4,3,1689,28,2,Downtown,356832
5,3,2351,7,2,Suburbs,447726
3,3,2516,43,2,Downtown,487955
3,1,2054,44,2,Suburbs,352271
4,2,2231,42,0,Downtown,436387
2,1,3059,43,2,Downtown,596331
2,3,1414,32,0,Waterfront,395048
5,1,1383,16,2,Downtown,306527
1,3,2347,47,2,Suburbs,364005
5,3,2973,10,0,Downtown,603228
4,1,1870,12,1,Suburbs,320371
4,3,2863,49,3,Suburbs,536641
4,2,2048,10,2,Waterfront,704083
4,3,1660,30,1,Suburbs,302915
4,2,1505,27,2,Downtown,342177
3,2,2315,43,2,Suburbs,376977
2,3,1543,5,2,Downtown,314857
4,1,2041,40,3,Suburbs,351454
1,2,2792,15,2,Suburbs,462682
1,1,1847,3,1,Rural,235057
1,2,2657,34,2,Downtown,520975
1,3,1393,47,2,Suburbs,196214
3,3,1733,25,1,Downtown,354764
1,2,1296,11,1,Suburbs,187587
4,3,2036,10,1,Suburbs,386852
5,2,2390,36,2,Rural,283306
1,3,2038,24,2,Downtown,400625
3,1,2614,17,2,Downtown,531036
3,3,1625,18,3,Suburbs,359134
1,1,2113,22,2,Downtown,409646
5,3,1736,37,1,Downtown,373162
1,1,2181,17,1,Suburbs,316805
3,3,2252,25,2,Downtown,492709
2,1,2291,5,1,Downtown,445383
4,2,1465,3,2,Waterfront,544713
3,2,1555,43,2,Suburbs,289881
1,1,1648,28,1,Downtown,298155
4,3,1881,33,2,Downtown,376055
1,1,2044,16,2,Suburbs,334990
1,3,2354,42,2,Downtown,435430
2,2,1576,42,1,Suburbs,254180
4,3,1199,15,2,Downtown,313089
4,2,3078,1,0,Suburbs,478109
2,3,1434,33,3,Suburbs,262933
3,3,2418,7,0,Suburbs,419416
1,3,2016,12,2,Waterfront,623383
5,1,2126,41,2,Suburbs,342077
1,1,1999,7,3,Downtown,410847
1,2,1808,29,1,Downtown,365635
3,2,2232,31,1,Suburbs,374163
1,1,1781,35,0,Downtown,315213
2,2,2583,46,1,Downtown,505760
2,1,2284,29,1,Waterfront,636153
4,3,2300,0,2,Suburbs,385373
5,2,1746,42,1,Suburbs,304954
1,2,1882,38,0,Suburbs,293974
1,1,1406,16,2,Suburbs,254685
3,2,1823,19,1,Downtown,385039
2,2,1482,23,1,Waterfront,464479
5,3,2657,49,1,Downtown,557282
4,2,2025,21,3,Waterfront,654335
2,3,2085,28,1,Waterfront,612258
4,1,1887,21,2,Waterfront,626249
3,2,2099,43,2,Suburbs,325115
3,3,3232,8,0,Downtown,639622
1,1,1850,36,3,Suburbs,284155
5,2,1675,9,1,Suburbs,336724
4,1,2265,35,0,Suburbs,366868
2,2,800,36,2,Waterfront,266552
3,1,2032,27,2,Suburbs,376874
1,1,1814,27,2,Downtown,326025
1,3,1504,41,1,Downtown,290008
4,1,2254,42,2,Suburbs,374479
3,2,2027,20,2,Suburbs,360697
5,2,1099,23,1,Waterfront,436961
3,3,1677,41,1,Suburbs,271905
4,2,800,39,0,Waterfront,246952
4,2,2147,1,1,Waterfront,666905
3,2,2142,7,2,Waterfront,668089
4,1,1603,47,2,Downtown,334889
3,1,2270,26,3,Waterfront,698006
2,2,1359,21,1,Downtown,313628
3,3,1517,36,2,Downtown,357110
3,1,2209,26,1,Suburbs,387348
4,3,1656,28,1,Suburbs,347639
4,2,1969,2,1,Downtown,439243
1,2,1718,43,1,Downtown,339239
1,1,1795,12,2,Downtown,369112
2,2,1816,44,3,Rural,225939
1,1,1647,9,2,Downtown,336080
3,2,2151,35,1,Downtown,415883
4,2,1686,8,0,Suburbs,273970
1,1,2008,26,1,Suburbs,308563
1,1,1636,33,2,Rural,193207
2,1,1233,0,2,Downtown,272558
2,2,2456,31,3,Suburbs,385626
3,2,2250,24,0,Suburbs,362147
4,3,3144,28,2,Rural,365696
2,1,1478,6,2,Suburbs,258455
1,2,1896,48,2,Waterfront,543209
4,2,1936,2,2,Downtown,440559
4,1,2495,19,2,Suburbs,415702
1,3,1746,19,2,Suburbs,313089
2,1,1414,29,1,Waterfront,437842
1,3,2604,34,2,Downtown,503909
4,2,1842,34,1,Downtown,393997
5,3,2439,48,2,Suburbs,442583
5,2,2381,38,2,Downtown,475045
3,1,1985,26,2,Downtown,424004
1,1,1913,25,3,Rural,203597
1,1,1804,13,2,Suburbs,281279
3,3,1992,16,2,Suburbs,355786
3,2,2432,17,2,Waterfront,699138
3,1,1602,44,2,Suburbs,272779
4,1,2054,28,2,Downtown,445832
1,2,1441,19,2,Downtown,258205
4,1,1503,26,2,Suburbs,295222
3,2,1985,17,3,Suburbs,339204
1,2,1020,3,3,Suburbs,199625
4,2,3030,0,2,Downtown,613579
4,2,1403,49,1,Suburbs,255479
3,2,1980,0,1,Rural,261994
1,3,2584,25,2,Waterfront,761950
3,1,1569,44,1,Waterfront,461228
1,3,849,19,2,Waterfront,276319
5,1,1778,22,2,Suburbs,325243
2,3,1563,9,2,Waterfront,518719
2,2,862,10,3,Downtown,227732
2,1,2142,40,2,Suburbs,353383
3,1,2104,40,2,Suburbs,320880
5,3,2571,4,2,Downtown,557149
1,3,1440,0,1,Waterfront,435420
4,1,1200,16,2,Rural,176444
1,3,1797,21,1,Downtown,335095
4,3,1956,33,3,Waterfront,649615
1,3,2461,44,2,Downtown,460078
5,2,2705,40,1,Suburbs,416211
4,2,2607,28,2,Suburbs,461705
3,3,2138,3,2,Suburbs,379735
1,3,2400,4,1,Rural,299193
1,2,1680,10,3,Waterfront,490427
4,2,2084,20,0,Waterfront,628903
3,1,1404,34,1,Downtown,279656
3,1,2031,11,2,Rural,250545
5,2,2044,25,2,Downtown,417674
3,3,2861,18,2,Waterfront,876968
3,3,1886,44,2,Suburbs,360060
3,3,2045,6,2,Downtown,447195
2,3,2118,46,2,Suburbs,347630
5,1,1773,6,0,Downtown,353917
1,2,1599,25,1,Downtown,290891
4,3,2649,39,1,Suburbs,439794
1,1,1510,4,1,Downtown,286322
5,3,1336,20,2,Downtown,346213
4,2,2340,13,1,Downtown,493698
5,1,2579,3,1,Suburbs,502184
3,2,1774,22,1,Downtown,344156
4,2,1782,41,3,Suburbs,321458
3,1,2141,19,3,Downtown,417159
1,1,1646,14,2,Rural,145189
1,1,1609,49,3,Waterfront,475023
4,1,2440,44,2,Downtown,495896
4,1,2304,28,2,Waterfront,689471
5,1,2656,7,0,Waterfront,811567
5,1,1374,40,2,Rural,167354
3,3,1749,47,2,Suburbs,289931
4,2,2141,18,2,Downtown,447300
1,1,1537,47,2,Suburbs,220147
5,3,2321,38,2,Suburbs,395794
5,3,2612,45,2,Suburbs,436578
1,3,1708,27,3,Suburbs,300206
5,2,2019,45,1,Waterfront,571626
3,1,2728,26,2,Rural,308467
4,3,2900,3,2,Downtown,583581
1,2,2373,14,2,Downtown,440891
4,2,2297,34,2,Downtown,461696
5,2,1573,36,0,Waterfront,500059
5,3,2180,0,2,Suburbs,403652
1,1,2278,2,1,Suburbs,342480
3,3,1895,46,2,Suburbs,336656
2,3,1703,23,2,Suburbs,276840
1,1,1359,26,2,Suburbs,207209
2,1,1131,39,1,Suburbs,188860
2,1,1026,35,2,Waterfront,325743
3,2,2290,33,1,Rural,250237
2,1,2074,28,2,Rural,177931
2,3,1758,23,3,Rural,200140
3,1,1834,23,3,Suburbs,325879
2,3,2105,41,2,Suburbs,360057
2,2,1918,3,2,Waterfront,596298
2,3,1330,2,1,Rural,159441
1,3,2457,33,1,Downtown,507834
1,1,2152,48,2,Suburbs,322360
1,1,2133,22,2,Downtown,420176
3,3,2419,22,3,Suburbs,394116
5,1,1593,44,1,Suburbs,258173
2,2,2607,4,3,Suburbs,455976
2,2,1930,30,2,Downtown,405487
3,1,2444,40,2,Suburbs,389851
2,2,2367,5,1,Waterfront,666078
1,1,1481,36,0,Downtown,259557
5,3,2251,9,2,Suburbs,418006
4,3,2163,39,2,Suburbs,377947
2,2,2015,6,1,Waterfront,595824
1,1,1953,38,2,Downtown,362849
4,1,1957,37,2,Rural,220245
5,2,2406,20,2,Suburbs,404715
4,3,2289,19,3,Rural,304104
1,2,2015,2,1,Rural,232456
4,3,1254,21,1,Downtown,285712
3,1,2247,46,2,Downtown,427957
4,3,2362,3,2,Downtown,504922
2,2,3150,27,0,Suburbs,492237
2,1,2538,11,1,Downtown,524363
3,2,1050,37,2,Downtown,247165
1,2,2039,35,1,Suburbs,303056
2,3,2906,46,1,Downtown,533908
5,2,2312,40,1,Downtown,457486
2,3,2164,4,0,Suburbs,353639
2,1,2450,12,2,Downtown,466772
1,3,1689,22,2,Suburbs,292818
4,1,2239,49,2,Suburbs,319486
2,3,1875,29,1,Suburbs,320418
3,2,1990,36,1,Waterfront,596858
4,3,2414,24,2,Suburbs,446389
5,3,1537,47,2,Suburbs,305532
1,1,2644,26,2,Suburbs,400925
5,2,1789,13,1,Waterfront,608906
4,3,2130,47,3,Waterfront,671728
4,2,1300,46,1,Waterfront,375245
4,3,2360,35,2,Suburbs,410664
5,3,2723,38,2,Downtown,552100
4,2,1743,15,2,Downtown,383887
5,3,1445,21,1,Downtown,368109
4,2,2139,20,2,Rural,268290
3,3,2727,20,2,Suburbs,439764
4,1,1275,7,1,Waterfront,452658
5,2,1447,48,1,Suburbs,268278
2,3,1773,15,1,Waterfront,519881
4,3,1590,30,2,Downtown,321244
2,1,1591,41,0,Downtown,272307
3,2,953,9,3,Suburbs,219167
1,3,2295,31,2,Suburbs,363647
3,1,2169,33,3,Suburbs,369527
4,3,1151,8,3,Waterfront,418885
2,2,2729,16,2,Downtown,554012
2,3,2841,10,1,Suburbs,423778
5,3,1625,31,1,Suburbs,288075
2,3,2583,9,1,Downtown,519559
5,3,1714,21,2,Waterfront,567093
1,1,2091,16,1,Waterfront,603733
4,1,1582,3,1,Waterfront,502488
5,2,3107,47,2,Waterfront,908903
1,1,1852,46,3,Waterfront,554567
2,1,2063,24,1,Downtown,399659
2,2,1656,20,0,Waterfront,493509
1,1,2931,36,0,Suburbs,456963
2,1,2943,37,3,Downtown,514009
1,2,2815,48,2,Downtown,533879
5,2,2478,0,1,Waterfront,776299
5,2,1688,24,1,Waterfront,543868
1,3,2414,35,1,Downtown,461855
5,3,1996,16,1,Waterfront,648788
5,2,2656,40,3,Rural,335592
5,2,2558,23,2,Downtown,537014
3,2,1675,1,2,Downtown,371530
4,3,2474,39,2,Waterfront,750852
2,3,2341,14,1,Downtown,443284
3,1,800,31,2,Suburbs,140694
5,1,2400,38,2,Downtown,492428
1,2,1784,5,1,Suburbs,329860
5,3,1557,0,2,Waterfront,595622
4,3,1578,46,1,Suburbs,263690
5,3,1932,22,1,Waterfront,634547
1,2,2240,38,1,Waterfront,615254
4,1,1317,16,2,Waterfront,453668
5,2,2095,33,2,Suburbs,378917
4,1,2288,40,3,Downtown,481259
2,1,2931,28,2,Suburbs,408613
2,2,1462,8,2,Downtown,320828
5,1,1825,12,2,Waterfront,601824
4,1,2131,5,1,Suburbs,356026
1,3,2574,5,2,Suburbs,440441
5,1,1848,19,1,Downtown,426156
2,2,2599,2,2,Waterfront,796597
2,2,1031,16,3,Waterfront,350885
5,1,1373,48,1,Suburbs,223479
4,3,2174,11,2,Waterfront,644842
2,3,1295,47,2,Downtown,269676
4,1,1413,46,2,Suburbs,261495
2,1,1736,44,1,Waterfront,486513
2,2,2386,0,1,Suburbs,414533
3,1,1052,16,0,Rural,102958
2,3,2085,2,1,Downtown,422302
1,1,2516,25,0,Downtown,450961
5,2,1903,14,2,Rural,245863
5,2,1816,35,1,Downtown,410764
4,2,2201,31,2,Rural,264346
2,2,1904,31,2,Rural,215368
1,2,2695,3,2,Downtown,507811
4,1,1444,17,2,Suburbs,295716
3,1,1974,48,2,Downtown,359128
4,1,2103,18,3,Suburbs,364366
4,1,1811,42,0,Downtown,388618
2,2,800,34,1,Downtown,178565
3,3,1920,39,2,Suburbs,329029
4,1,2450,13,0,Suburbs,406447
1,3,2389,32,0,Rural,238223
1,1,2177,13,1,Waterfront,616225
5,1,1451,33,0,Waterfront,454091
3,3,2198,3,2,Suburbs,392741
3,2,1713,23,1,Waterfront,498161
5,1,2177,28,2,Suburbs,391468
4,1,2061,18,2,Waterfront,670336
3,1,1512,5,2,Rural,188614
1,3,1554,32,2,Suburbs,271008
1,2,2178,48,2,Suburbs,344834
2,3,1889,39,1,Waterfront,540295
3,3,1580,18,2,Rural,181115
4,2,1539,0,2,Waterfront,515850
5,3,1848,4,2,Downtown,433313
5,2,2784,26,2,Suburbs,479485
4,1,1737,15,1,Downtown,392755
2,2,1993,5,2,Waterfront,632225
5,1,2051,39,2,Downtown,446724
3,3,1434,12,0,Waterfront,462773
2,3,1119,47,2,Downtown,215101
3,1,1487,34,1,Downtown,305309
1,3,2124,18,1,Suburbs,343808
2,2,2044,11,1,Waterfront,587522
5,1,2351,15,0,Downtown,504416
2,3,2048,42,2,Suburbs,359302
2,1,1945,9,1,Suburbs,297401
2,2,1698,24,3,Downtown,343283
2,2,2442,19,2,Downtown,472416
3,3,1540,30,1,Waterfront,496508
1,2,1445,3,2,Suburbs,261115
4,1,2284,43,2,Downtown,459323
2,2,1333,22,2,Waterfront,428501
5,1,3207,1,0,Rural,349174
2,1,2040,21,2,Suburbs,344127
5,2,2174,36,2,Suburbs,382075
3,3,1596,7,1,Waterfront,506382
5,2,1842,6,0,Rural,202698
4,1,1787,13,2,Waterfront,581027
1,1,1729,2,1,Suburbs,288502
5,2,2316,49,2,Suburbs,364922
5,3,1775,15,1,Waterfront,597577
1,3,2509,18,3,Downtown,502020
4,1,3332,17,2,Suburbs,541154
2,1,1852,15,1,Waterfront,553599
5,3,2076,7,1,Suburbs,378270
1,2,2190,32,2,Suburbs,354125
3,1,2906,48,2,Suburbs,473548
1,1,1959,11,2,Downtown,393858
3,3,1585,10,1,Suburbs,306160
4,2,1367,4,1,Waterfront,476611
2,3,1971,26,0,Downtown,371641
1,2,1776,11,2,Downtown,343290
5,2,3005,16,0,Rural,330659
4,2,2885,5,2,Downtown,598511
1,1,1483,32,2,Downtown,311333
5,3,1645,4,3,Rural,226416
1,3,2037,27,1,Waterfront,594051
3,2,2699,13,1,Suburbs,431246
1,1,2029,4,2,Waterfront,603793
1,1,1676,32,2,Downtown,344935
1,3,1971,49,1,Waterfront,561076
4,1,1686,47,3,Suburbs,266947
1,1,2301,40,2,Waterfront,652548
5,2,1645,18,1,Suburbs,318147
3,1,1745,21,1,Suburbs,297687
3,2,2581,4,2,Suburbs,454495
1,3,1616,1,2,Suburbs,266203
4,1,1277,29,0,Waterfront,400938
4,3,2047,46,2,Suburbs,377328
5,3,1820,38,2,Suburbs,355363
1,1,2256,3,1,Suburbs,370817
3,1,2159,32,2,Suburbs,341150
4,3,1984,12,3,Waterfront,646282
1,1,1969,19,0,Waterfront,543950
4,2,1632,6,1,Suburbs,303426
4,2,2042,14,2,Rural,253668
3,1,2441,22,2,Waterfront,714878
2,3,1513,13,3,Suburbs,288231
5,1,1997,22,2,Suburbs,361799
5,1,2519,18,2,Rural,313712
3,3,2253,28,2,Suburbs,396775
4,3,2655,19,2,Waterfront,822006
1,2,1716,28,1,Suburbs,261614
4,3,1085,23,1,Suburbs,236344
3,2,2100,17,1,Downtown,410311
5,3,2181,9,2,Suburbs,394309
4,1,2684,40,0,Rural,324027
5,2,2594,7,3,Suburbs,458670
1,2,2268,25,1,Suburbs,353783
5,2,2383,28,1,Rural,279744
5,1,1904,9,2,Suburbs,316449
2,1,1390,16,2,Suburbs,239100
2,1,2059,1,0,Waterfront,579780
2,1,2491,5,1,Waterfront,732639
5,1,2328,4,3,Downtown,533585
3,2,2417,27,1,Suburbs,352752
5,1,1786,40,1,Suburbs,302780
3,2,1867,4,2,Suburbs,343130
3,1,2242,17,0,Suburbs,319090
2,3,1727,25,2,Suburbs,324237
4,2,1742,19,1,Downtown,379383
1,3,2149,40,1,Suburbs,357013
2,2,2380,48,1,Downtown,434002
2,3,1900,26,0,Suburbs,298169
4,1,1418,48,1,Waterfront,431951
1,1,1632,11,0,Waterfront,500531
5,1,2102,6,2,Suburbs,409638
5,2,2096,2,1,Downtown,460284
2,3,2121,9,2,Downtown,442599
1,1,2261,33,2,Suburbs,366295
2,3,2003,24,2,Downtown,455154
3,3,2133,34,0,Suburbs,355534
2,1,1977,15,3,Downtown,406667
2,1,2574,1,1,Waterfront,746807
5,3,2716,23,1,Suburbs,473624
5,1,1405,9,2,Downtown,321049
5,1,1872,37,2,Waterfront,609963
3,1,2016,21,2,Suburbs,314302
5,2,1867,25,1,Downtown,397368
1,3,2896,42,2,Suburbs,469162
4,3,2112,38,1,Suburbs,368179
1,2,1597,26,3,Waterfront,477822
1,3,2298,28,1,Downtown,431839
5,1,2135,46,2,Suburbs,389030
4,3,2152,37,2,Downtown,426169
4,1,2904,19,2,Downtown,560417
4,2,2175,26,2,Waterfront,664163
3,1,1848,40,2,Waterfront,554592
5,3,1022,19,1,Suburbs,189720
4,3,1917,43,1,Suburbs,348155
3,3,2653,18,1,Downtown,511851
2,2,1954,19,2,Waterfront,597879
2,2,880,34,2,Downtown,181614
3,3,1751,46,2,Downtown,359437
3,1,2496,1,1,Suburbs,384885
5,2,2273,29,1,Suburbs,414463
5,3,1580,33,2,Suburbs,282279
2,3,1717,21,2,Downtown,336400
4,2,1795,2,2,Suburbs,381777
2,2,1669,5,3,Suburbs,312883
4,2,985,14,1,Downtown,257778
4,1,2382,26,2,Waterfront,738663
5,1,2629,9,2,Downtown,543886
1,3,1241,8,1,Suburbs,188979
1,2,2622,32,1,Suburbs,399313
3,1,1948,31,0,Downtown,354565
5,2,2613,47,2,Suburbs,426023
4,3,2019,5,2,Waterfront,636760
1,1,2068,40,2,Downtown,387689
4,1,2186,35,3,Rural,297071
1,1,1605,1,2,Suburbs,282408
1,3,2597,28,1,Downtown,488205
1,2,1439,3,2,Suburbs,249585
5,1,1799,0,2,Suburbs,279889
2,3,2262,18,2,Waterfront,677899
4,2,1745,25,2,Waterfront,539025
5,3,2389,24,2,Waterfront,771855
5,2,2688,9,1,Rural,321483
5,3,2506,14,2,Waterfront,792508
5,2,1032,21,0,Suburbs,206529
5,1,2063,47,1,Suburbs,351004
3,2,2514,20,1,Suburbs,445524
4,3,1342,21,0,Downtown,308621
5,3,2362,35,1,Waterfront,741927
4,2,2334,33,2,Suburbs,380609
3,1,1394,29,3,Downtown,282843
3,1,2417,24,1,Downtown,484258
4,2,2136,44,1,Suburbs,352451
1,2,2325,27,1,Suburbs,368266
2,3,1517,0,1,Suburbs,290087
1,1,2075,48,0,Suburbs,271997
1,2,1148,44,3,Suburbs,222075
1,1,862,3,1,Suburbs,170113
5,2,2070,6,2,Downtown,419186
3,2,2550,48,0,Downtown,525316
1,1,2126,8,2,Suburbs,352398
3,2,1968,35,2,Suburbs,324171
4,2,1906,18,3,Downtown,431503
2,3,1529,0,2,Suburbs,260758
4,2,1889,9,1,Downtown,415155
4,2,2211,35,1,Suburbs,356256
5,2,1782,8,2,Suburbs,379766
2,3,2375,44,1,Suburbs,378496
4,1,2098,45,2,Waterfront,648753
4,3,2158,41,0,Downtown,414207
2,3,2444,31,0,Rural,286635
2,1,1737,31,2,Suburbs,285742
4,3,2330,5,2,Suburbs,389717
2,1,1807,47,2,Suburbs,283739
4,3,2170,37,1,Suburbs,408586
4,1,1677,16,2,Suburbs,321747
5,2,1545,9,1,Suburbs,287618
1,3,2046,49,0,Downtown,331485
4,3,1057,26,2,Downtown,243282
3,3,1852,49,1,Suburbs,278150
1,3,1197,34,1,Suburbs,158622
1,2,2390,20,1,Suburbs,392154
1,3,2525,24,1,Downtown,480958
5,2,1568,27,0,Waterfront,542969
4,2,2214,46,0,Waterfront,626469
5,2,2450,14,1,Rural,299859
4,2,2451,3,0,Suburbs,388302
5,1,2107,28,2,Waterfront,659653
5,1,2367,8,1,Waterfront,740889
3,3,1675,26,1,Suburbs,283807
5,1,2042,25,1,Suburbs,357805
2,1,1766,18,2,Rural,227309
3,3,1633,27,2,Suburbs,309794
5,3,2018,16,2,Suburbs,360318
1,3,2174,42,2,Downtown,414671
2,1,2582,40,2,Downtown,505798
2,1,2133,41,2,Waterfront,633411
2,3,2321,49,2,Suburbs,361422
3,2,2327,19,1,Suburbs,401660
5,3,3344,44,1,Downtown,669701
5,2,1095,39,1,Suburbs,191428
1,2,1656,38,3,Suburbs,289408
1,3,2737,48,2,Downtown,516096
2,3,1824,22,2,Waterfront,529650
1,3,2443,46,1,Downtown,445845
3,1,2115,31,2,Suburbs,353548
5,2,3053,46,1,Suburbs,490774
2,1,1443,32,1,Downtown,304790
1,1,2611,45,2,Waterfront,745532
3,3,2875,4,2,Waterfront,874744
3,1,1493,42,1,Waterfront,432809
1,3,2391,47,2,Downtown,448834
5,2,1517,33,1,Downtown,330904
1,3,2015,39,3,Downtown,386265
2,1,1872,10,1,Suburbs,234580
1,1,800,49,1,Waterfront,248396
3,3,2212,2,1,Waterfront,690880
1,3,2072,32,1,Waterfront,586385
5,1,2740,10,1,Rural,334755
4,2,2306,15,2,Waterfront,726203
1,2,3145,17,2,Suburbs,490710
5,3,2054,29,2,Downtown,429321
5,2,1947,47,1,Suburbs,299813
3,1,1908,9,2,Downtown,372120
5,3,1780,17,1,Downtown,375504
5,1,896,37,0,Suburbs,183937
5,1,1890,18,2,Waterfront,636366
5,2,966,35,2,Downtown,226457
2,3,2226,12,0,Waterfront,599951
2,3,1380,45,0,Waterfront,395274
3,2,1553,2,3,Suburbs,287494
1,1,1665,9,0,Downtown,303428
5,1,1898,37,2,Downtown,423675
1,1,2003,0,2,Waterfront,599500
1,1,2542,26,1,Waterfront,684877
3,3,1711,45,1,Waterfront,492805
5,3,2240,7,1,Suburbs,400259
5,2,3365,45,2,Downtown,651850
4,2,2189,41,2,Downtown,447114
1,3,1910,16,2,Waterfront,595557
1,3,1610,8,3,Downtown,316281
2,1,1903,5,2,Suburbs,325681
4,1,1557,42,2,Suburbs,291834
2,2,2134,24,2,Downtown,423256
2,3,2052,38,2,Downtown,422151
2,2,919,48,2,Suburbs,154088
3,3,1991,27,2,Downtown,418746
3,1,2538,32,2,Downtown,507669
2,2,1800,36,0,Waterfront,496280
4,2,1674,8,2,Waterfront,603272
1,3,1311,17,1,Downtown,276959
4,1,1071,20,1,Waterfront,392631
5,2,2416,1,0,Suburbs,443272
3,1,1909,42,2,Suburbs,322935
1,2,2386,37,2,Waterfront,703439
1,1,2766,39,1,Waterfront,756787
5,3,2461,35,2,Waterfront,764073
5,2,1729,49,2,Downtown,373283
2,2,2072,42,1,Downtown,373315
3,1,1693,36,2,Waterfront,474372
3,1,1646,14,2,Suburbs,273828
4,2,2171,27,2,Downtown,455311
2,3,1584,17,2,Waterfront,525379
2,1,895,33,2,Waterfront,268754
2,1,1556,21,0,Waterfront,466403
2,1,1847,10,1,Suburbs,280770
3,2,2761,12,0,Waterfront,788198
3,2,1755,3,3,Downtown,419799
2,2,2256,21,1,Downtown,440026
4,2,1916,6,1,Suburbs,338904
1,3,2613,42,2,Downtown,499082
1,3,2579,23,3,Suburbs,400154
4,2,2588,3,2,Suburbs,446096
2,3,1133,27,0,Suburbs,191504
3,1,2103,14,0,Downtown,436833
1,1,2379,0,1,Downtown,422496
5,1,2191,2,1,Suburbs,425875
5,2,2318,13,0,Suburbs,398752
4,1,2029,37,2,Waterfront,602166
2,3,1628,49,3,Waterfront,475721
1,2,1151,0,1,Suburbs,206181
2,3,1677,37,2,Waterfront,484404
1,1,3339,37,2,Downtown,604827
4,1,1757,20,1,Downtown,362893
4,1,1020,47,2,Waterfront,365856
5,2,2366,28,1,Suburbs,429318
2,3,2428,4,1,Rural,270752
5,2,2644,48,2,Suburbs,444296
2,2,2235,9,1,Waterfront,631974
5,1,2423,27,3,Suburbs,388138
3,2,2920,20,1,Suburbs,451435
3,2,1627,49,2,Suburbs,298051
3,1,1528,6,2,Waterfront,514582
3,2,1453,2,1,Suburbs,272575
1,1,1867,44,0,Rural,161995
3,1,2717,46,2,Downtown,508375
4,1,2264,19,2,Downtown,452170
4,1,2244,18,2,Suburbs,385332
1,2,1090,34,2,Suburbs,177971
3,1,1653,3,2,Waterfront,515481
3,1,1082,4,2,Suburbs,218310
3,2,2586,0,2,Suburbs,448422
5,2,2793,3,2,Suburbs,478847
2,3,2390,11,2,Suburbs,410053
5,2,1507,26,2,Waterfront,542670
2,2,2741,41,1,Downtown,542943
3,3,1873,22,2,Suburbs,340819
3,2,1393,24,2,Rural,186266
5,2,1518,20,1,Waterfront,509403
5,2,1785,23,0,Suburbs,336833
2,2,2025,24,1,Suburbs,308311
4,3,1919,44,2,Downtown,422556
2,2,1294,45,2,Suburbs,211798
5,2,2607,31,1,Waterfront,828116
5,3,1925,31,2,Suburbs,365969
1,1,1643,4,2,Downtown,329205
5,3,2555,35,1,Downtown,521797
1,1,1408,45,2,Downtown,274206
4,3,1186,41,3,Downtown,293142
2,3,2636,48,2,Downtown,498957
2,2,2946,41,2,Suburbs,469191
1,1,1769,38,3,Downtown,360339
2,2,1977,15,2,Downtown,374796
5,1,1427,32,1,Suburbs,275518
3,3,2003,48,2,Downtown,415319
1,3,1762,20,2,Downtown,378119
2,1,1949,8,2,Suburbs,315027
1,2,2205,5,1,Downtown,427548
1,2,1451,44,2,Suburbs,235740
3,2,1819,34,0,Downtown,369813
5,2,1098,38,3,Waterfront,422072
1,3,1823,21,1,Rural,182322
2,3,1953,40,1,Waterfront,574607
4,3,2114,4,2,Suburbs,426258
1,3,2120,41,0,Waterfront,592678
1,3,2452,22,2,Suburbs,430555
3,2,1230,16,3,Downtown,309491
5,2,1257,11,2,Suburbs,286277
4,2,2264,22,1,Waterfront,702209
2,2,981,15,1,Suburbs,188015
4,3,2092,2,2,Downtown,465607
2,3,1410,29,3,Waterfront,460847
5,3,2786,21,2,Waterfront,894074
2,1,2125,8,2,Downtown,416521
3,2,1890,28,1,Suburbs,355271
3,2,2614,46,2,Downtown,491535
3,3,1468,36,2,Waterfront,490068
3,2,1563,22,1,Downtown,353367
4,2,1369,12,1,Suburbs,253858
5,3,1567,31,2,Waterfront,518860
2,1,2031,45,0,Suburbs,330194
2,1,2247,46,1,Suburbs,351114
3,1,2481,47,2,Suburbs,415873
3,3,1088,22,1,Downtown,243986
1,2,1914,44,0,Suburbs,319749
5,3,1446,16,2,Downtown,305525
4,3,1897,39,2,Suburbs,343627
2,2,3167,20,2,Downtown,640110
1,1,2146,1,2,Suburbs,354496
1,1,2450,36,2,Rural,272369
2,3,2980,5,2,Rural,338206
4,1,2564,43,1,Suburbs,416466
1,3,1776,17,2,Downtown,325251
1,3,1362,29,3,Suburbs,224444
5,2,1985,21,1,Waterfront,623695
4,2,1716,32,1,Downtown,372689
1,2,1238,29,2,Rural,133585
4,3,2120,16,1,Suburbs,362220
2,2,2133,42,0,Rural,222701
3,1,2885,31,2,Waterfront,827758
1,1,1819,41,3,Waterfront,529842
5,3,2140,13,2,Suburbs,403062
2,3,1667,9,0,Downtown,353207
4,2,2437,46,0,Suburbs,405543
2,3,1938,35,2,Suburbs,335209
1,3,1414,33,2,Downtown,277287
4,1,1993,8,1,Suburbs,340128
3,1,2195,41,2,Suburbs,342365
2,2,2128,27,1,Suburbs,325861
1,3,2523,10,2,Suburbs,418327
5,3,1276,13,2,Downtown,304687
4,1,1579,38,2,Rural,224522
2,3,2320,46,2,Downtown,450431
2,1,1637,18,1,Suburbs,299633
3,2,2120,14,2,Suburbs,378471
3,1,800,27,2,Waterfront,267955
5,3,3358,23,1,Downtown,676994
5,2,1865,7,2,Suburbs,318802
1,1,2597,42,1,Suburbs,395355
1,1,1832,8,2,Downtown,348364
5,2,2207,46,2,Suburbs,361833
5,2,2746,32,3,Rural,366369
4,1,2583,32,0,Rural,312117
3,3,1898,18,2,Downtown,424060
1,1,1932,2,2,Downtown,399469
3,2,2502,9,2,Suburbs,402070
3,1,3167,39,1,Suburbs,490484
5,2,2096,46,2,Downtown,434115
4,2,2979,41,2,Downtown,556541
2,3,1879,0,1,Rural,216286
4,2,2476,28,1,Rural,279856
4,2,2551,49,2,Downtown,511424
3,3,1795,33,2,Suburbs,364401
4,2,1626,12,1,Suburbs,295551
1,3,2573,0,1,Downtown,505215
3,3,1734,33,1,Suburbs,291629
1,2,1553,28,2,Suburbs,269678
2,2,1658,47,2,Waterfront,466687
3,1,1732,46,2,Waterfront,556013
2,3,2428,12,3,Suburbs,414763
3,1,2258,47,2,Suburbs,358224
5,2,2358,48,0,Downtown,487010
4,1,2211,28,0,Suburbs,344785
5,3,1703,38,1,Suburbs,323847
2,1,2349,23,3,Downtown,495843
4,3,2591,25,2,Downtown,531794
3,2,2292,16,1,Downtown,501662
4,2,2225,6,1,Rural,284993
1,3,1616,12,2,Downtown,346099
4,2,2106,4,2,Downtown,483181
1,2,1590,25,1,Suburbs,286597
4,2,1988,48,3,Suburbs,353435
1,2,1180,2,2,Downtown,270314
2,3,1184,6,1,Rural,180218
5,1,1904,48,2,Waterfront,575572
3,1,1726,38,0,Suburbs,240277
4,2,2053,0,3,Suburbs,380858
5,1,1933,48,3,Downtown,378801
3,1,2015,16,2,Suburbs,338984
3,2,2304,42,2,Waterfront,691449
1,2,1768,24,1,Downtown,331993
2,1,1890,2,3,Downtown,395018
2,3,2728,14,2,Suburbs,433093
5,2,2002,28,2,Downtown,450440
2,3,1910,42,3,Rural,205922
4,1,2041,31,3,Downtown,389568
2,2,1919,25,2,Waterfront,574369
5,3,1645,15,1,Suburbs,330582
2,2,1501,24,3,Waterfront,482463
4,1,1618,27,2,Suburbs,266947
1,3,2436,8,3,Suburbs,412508
5,1,1685,0,2,Waterfront,591529
1,1,1923,28,1,Suburbs,299187
1,2,2350,21,1,Suburbs,364764
1,3,1861,15,2,Suburbs,322341
3,1,2317,40,2,Waterfront,646535
3,1,1230,43,1,Suburbs,188061
1,3,1934,40,2,Rural,191639
5,1,2039,6,1,Downtown,466068
4,1,2012,13,2,Suburbs,370476
4,3,1174,28,2,Waterfront,423158
2,3,2602,18,0,Suburbs,387221
5,3,1573,18,1,Waterfront,554702
3,3,2168,1,0,Rural,286470
1,2,2004,40,2,Suburbs,328027
2,3,2502,44,1,Downtown,474830
4,2,3094,14,1,Downtown,630708
3,2,1355,2,3,Waterfront,484659
3,2,1676,10,2,Waterfront,562718
1,1,2095,45,2,Downtown,405292
4,2,1447,29,3,Downtown,327497
5,2,2391,39,0,Downtown,465784
3,1,2422,17,2,Waterfront,722359
1,1,2280,47,2,Suburbs,360176
5,1,2118,1,2,Suburbs,381455
4,3,2685,31,1,Suburbs,435218
3,1,1422,7,2,Waterfront,469471
5,1,2033,21,2,Suburbs,387544
5,2,1631,5,2,Suburbs,320792
5,1,2445,11,1,Downtown,503568
3,3,1083,46,1,Suburbs,198908
3,1,1986,39,1,Waterfront,580189
2,3,2168,35,1,Rural,206777
4,1,1526,14,2,Downtown,353461
1,1,1687,27,1,Downtown,323192
5,1,2008,48,2,Downtown,418108
2,1,2478,44,1,Suburbs,403879
1,3,1484,17,1,Waterfront,468923
2,3,1571,1,2,Downtown,359315
3,2,2563,12,0,Suburbs,401413
5,3,1864,44,2,Suburbs,322213
1,1,1611,14,2,Downtown,341168
1,2,2364,19,1,Suburbs,335607
1,2,1756,28,0,Downtown,320285
1,2,2514,41,1,Suburbs,393353
1,1,1668,28,0,Waterfront,417190
2,3,1920,2,1,Suburbs,334717
5,1,2472,18,1,Downtown,528936
3,2,1887,2,1,Rural,201310
3,1,2378,13,2,Suburbs,434367
3,1,1967,39,2,Waterfront,567654
3,3,2991,3,2,Downtown,621247
2,3,2784,10,1,Downtown,545118
4,2,1336,30,1,Downtown,293462
5,1,2261,42,2,Downtown,441332
1,1,1592,31,2,Suburbs,279479
4,3,2096,26,2,Rural,267172
3,1,2034,29,1,Suburbs,366045
4,1,1472,42,2,Downtown,287867
5,1,2529,1,2,Suburbs,446262
1,3,2102,48,1,Downtown,393288
1,2,1858,8,2,Suburbs,311856
5,2,1781,27,2,Suburbs,342977
5,1,2070,30,1,Waterfront,641392
3,2,2204,33,1,Rural,295907
1,3,1938,14,2,Downtown,390349
4,3,800,47,3,Suburbs,117817
2,2,2008,24,1,Rural,230771
2,2,1279,35,1,Waterfront,407529
5,1,1895,7,1,Suburbs,325325
3,2,1298,8,2,Rural,152925
2,1,1292,36,1,Downtown,233707
1,1,2618,47,3,Rural,264164
5,3,1840,44,1,Downtown,382804
4,3,1802,38,1,Suburbs,332436
5,3,2241,31,2,Waterfront,753567
4,3,1815,16,2,Downtown,353762
5,2,3052,34,2,Suburbs,509216
5,3,1863,36,2,Suburbs,348577
5,2,2183,18,3,Rural,285723
4,3,2485,43,0,Waterfront,769376
4,2,2801,28,2,Waterfront,809690
5,1,1629,6,1,Suburbs,252568
2,2,1791,27,2,Waterfront,583319
3,2,2637,8,2,Suburbs,462663
3,3,2405,27,1,Suburbs,388827
3,2,2538,5,2,Waterfront,784881
4,1,1316,28,0,Suburbs,233212
4,1,2774,16,1,Downtown,541410
2,3,1619,15,2,Downtown,346509
3,1,2096,22,1,Downtown,422803
3,2,1926,30,2,Waterfront,634101
5,1,1561,2,0,Suburbs,307383
4,3,1294,20,1,Waterfront,479494
3,2,1128,25,1,Suburbs,177840
2,3,2060,35,1,Downtown,394368
2,2,1237,41,2,Suburbs,215946
3,1,1433,36,2,Waterfront,407913
4,3,1891,21,3,Suburbs,375784
2,3,800,41,2,Rural,118194
5,2,2389,11,1,Suburbs,413580
2,3,800,41,2,Suburbs,146833
1,2,1961,12,1,Suburbs,341274
1,2,2008,10,1,Rural,210980
4,2,2269,15,2,Waterfront,743822
3,2,1979,7,0,Downtown,395008
